Index,Description,Price,Rating,Review Count,Product URL,Image URL,features
D1,wood darkslategray rosybrown BLUEWUD Rico Mini Engineered Wood Wall Mount Dressing Table Mirror with Shelves (Wenge & White),"2,299",5.0 out of 5 stars,3,https://www.amazon.in//gp/slredirect/picassoRedirect.html/ref=pa_sp_atf_next_aps_sr_pg2_1?ie=UTF8&adId=A077970639KPUCJRZHXKD&url=%2FBLUEWUD-Rico-Mini-Engineered-Dressing%2Fdp%2FB09SHYNJJF%2Fref%3Dsr_1_49_sspa%3Fkeywords%3DDressing%2Btable%26qid%3D1654403971%26sr%3D8-49-spons%26psc%3D1&qualifier=1654403971&id=1677562364870418&widgetName=sp_atf_next,https://m.media-amazon.com/images/I/61hVjb47waL._AC_UL960_FMwebp_QL65_.jpg,wood darkslategray rosybrown
D2,plastic darkslategray lightgray Amazon Brand - Solimo Polaris Engineered Wood Dressing Table (Imperial Teak),"5,819",4.3 out of 5 stars,314,https://www.amazon.in//gp/slredirect/picassoRedirect.html/ref=pa_sp_atf_next_aps_sr_pg2_1?ie=UTF8&adId=A07217231UGYU3MDEZZ6&url=%2FAmazon-Brand-Engineered-Dressing-Imperial%2Fdp%2FB07LC9HXSF%2Fref%3Dsr_1_50_sspa%3Fkeywords%3DDressing%2Btable%26qid%3D1654403971%26smid%3DAXOGFIT0PZZ7G%26sr%3D8-50-spons%26psc%3D1&qualifier=1654403971&id=1677562364870418&widgetName=sp_atf_next,https://m.media-amazon.com/images/I/71gpm1oyUTL._AC_UL960_FMwebp_QL65_.jpg,plastic darkslategray lightgray
D3,"plastic darkolivegreen darkslategray Neelkamal Art & Craft-Wooden Dressing Table for Bedroom with 2 Drawer, Mirror and Huge Storage Space Come with Bangle Rod Made Up with Solid Sheesham Wood Natural Wooden Color- L 55 X D 50 X H 180 cm-Design-1","15,899",4.1 out of 5 stars,15,https://www.amazon.in//gp/slredirect/picassoRedirect.html/ref=pa_sp_atf_next_aps_sr_pg2_1?ie=UTF8&adId=A0327189RMMG5K9PUX5C&url=%2FNeelkamal-Craft-Wooden-Dressing-Sheesham-cm-Design-1%2Fdp%2FB09B83HT3D%2Fref%3Dsr_1_51_sspa%3Fkeywords%3DDressing%2Btable%26qid%3D1654403971%26sr%3D8-51-spons%26psc%3D1&qualifier=1654403971&id=1677562364870418&widgetName=sp_atf_next,https://m.media-amazon.com/images/I/61FHFEy8YnL._AC_UL960_FMwebp_QL65_.jpg,plastic darkolivegreen darkslategray
D4,"leather gray white Ikea BRIMNES Dressing Table, white70x42 cm (27 1/2x16 1/2"")","9,644",4.0 out of 5 stars,1,https://www.amazon.in//gp/slredirect/picassoRedirect.html/ref=pa_sp_atf_next_aps_sr_pg2_1?ie=UTF8&adId=A09990113KUJE9QTLAJRY&url=%2FIkea-BRIMNES-Dressing-Table-white70x42%2Fdp%2FB095GSDTMZ%2Fref%3Dsr_1_52_sspa%3Fkeywords%3DDressing%2Btable%26qid%3D1654403971%26sr%3D8-52-spons%26psc%3D1%26smid%3DA3OFR7V7XBOGJU&qualifier=1654403971&id=1677562364870418&widgetName=sp_atf_next,https://m.media-amazon.com/images/I/21uvFu4nhZS._AC_UL960_FMwebp_QL65_.jpg,leather gray white
D5,wood gray lightgray Captiver Engineered Wood Wall Mounted Dressing Table Stands Bellezza Wooden Red,"3,099",3.1 out of 5 stars,10,https://www.amazon.in//Captiver-Engineered-Bellezza-Dressing-80X60X13/dp/B091Z1S6DJ/ref=sr_1_53?keywords=Dressing+table&qid=1654403971&sr=8-53,https://m.media-amazon.com/images/I/71njupC-CtS._AC_UL960_FMwebp_QL65_.jpg,wood gray lightgray
D6,"wood darkgray whitesmoke Engineered Wood Dressing Table with Mirror, Storage and Drawer","8,000",3.8 out of 5 stars,2,https://www.amazon.in//Engineered-Dressing-Mirror-Storage-Drawer/dp/B08SW6DRPM/ref=sr_1_54?keywords=Dressing+table&qid=1654403971&sr=8-54,https://m.media-amazon.com/images/I/51OmX1prXFL._AC_UL960_FMwebp_QL65_.jpg,wood darkgray whitesmoke
D7,wood gray lightgray Luxury Decorative Eye Dressing Table with Mirror Engineered Wood Dressing Table with Led Light Mirror and Storage Shelves Behind Glass Walnut Color with Lock,/A,5.0 out of 5 stars,2,https://www.amazon.in//Decorative-Dressing-Engineered-Storage-Shelves/dp/B09NYCZKBJ/ref=sr_1_55?keywords=Dressing+table&qid=1654403971&sr=8-55,https://m.media-amazon.com/images/I/61MXrnNIAsL._AC_UL960_FMwebp_QL65_.jpg,wood gray lightgray
D8,"wood darkgray darkslategray Studio Kook Bonita Engineered Wood Dressing Table (Finish Color - Moonshine White, Matte Finish)","15,990",,,https://www.amazon.in//Studio-Kook-Bonita-Engineered-Dressing/dp/B09ZVCKGFW/ref=sr_1_56?keywords=Dressing+table&qid=1654403971&sr=8-56,https://m.media-amazon.com/images/I/81CvDsqOawL._AC_UL960_FMwebp_QL65_.jpg,wood darkgray darkslategray
D9,plastic silver lightgray Hekami Plywood 1 Door Cabinet Dressing Unit (Two Tone ; Multicolor),"11,999",3.2 out of 5 stars,23,https://www.amazon.in//HEKAMI-Particle-Interiors-Dressing-hekami002/dp/B07882MZFV/ref=sr_1_57?keywords=Dressing+table&qid=1654403971&sr=8-57,https://m.media-amazon.com/images/I/41DvzKuzl5L._AC_UL960_FMwebp_QL65_.jpg,plastic silver lightgray
D10,"wood gray black GANAPATHI Wood Works Latest Dressing Table with Mirror in The Middle and Storage Facility,.","10,950",,Only 1 left in stock.,https://www.amazon.in//GANAPATHI-Latest-Dressing-Storage-Facility/dp/B0B31ZJ8R1/ref=sr_1_58?keywords=Dressing+table&qid=1654403971&sr=8-58,https://m.media-amazon.com/images/I/31Un6n6Lq0L._AC_UL960_FMwebp_QL65_.jpg,wood gray black
D11,wood gray white Madhuran Ratna Wall Mounted Engineered Wood Dressing Table Mirror with Shelf Classic Walnut Color,"3,149",4.1 out of 5 stars,45,https://www.amazon.in//Madhuran-Engineered-Dressing-Mirror-Classic/dp/B085915GWG/ref=sr_1_59?keywords=Dressing+table&qid=1654403971&sr=8-59,https://m.media-amazon.com/images/I/81M6PecIbkL._AC_UL960_FMwebp_QL65_.jpg,wood gray white
D12,wood darkslategray darkgray GANAPATHI Wood Works New Model Dressing Table in with Mirror White Color,"13,050",,Only 1 left in stock.,https://www.amazon.in//GANAPATHI-Works-Model-Dressing-Mirror/dp/B0B31WV76L/ref=sr_1_60?keywords=Dressing+table&qid=1654403971&sr=8-60,https://m.media-amazon.com/images/I/41PjuqC11BL._AC_UL960_FMwebp_QL65_.jpg,wood darkslategray darkgray
D13,"wood gray white Mishu Enterprises-2 Piece Almirah Stand for Almirahs,Wardrobes,Dressing Tables,Book Racks,Furniture,Dressing Tables and Office Cabinet Racks",299,,,https://www.amazon.in//Mishu-Enterprises-2-Almirahs-Wardrobes-Furniture/dp/B09FPC511B/ref=sr_1_61?keywords=Dressing+table&qid=1654403971&sr=8-61,https://m.media-amazon.com/images/I/61mDLoFJXoL._AC_UL960_FMwebp_QL65_.jpg,wood gray white
D14,metal dimgray silver MFS Fortune Presents Bathroom Vanity 24 inch Steel Dressing Table with Mirror (Weight 3.5 Kg),/A,3.0 out of 5 stars,2,https://www.amazon.in//MFS-Fortune-Presents-Bathroom-Dressing/dp/B09HTXRHTH/ref=sr_1_62?keywords=Dressing+table&qid=1654403971&sr=8-62,https://m.media-amazon.com/images/I/61LSOdJKd9L._AC_UL960_FMwebp_QL65_.jpg,metal dimgray silver
D15,"wood gray silver Mishu Enterprises-2 Piece Almirah Stand for Almirahs,Wardrobes,Dressing Tables,Book Racks,Furniture,Dressing Tables and Office Cabinet Racks, Grey Colour",299,,,https://www.amazon.in//Mishu-Enterprises-2-Almirahs-Wardrobes-Furniture/dp/B09FP46N2Y/ref=sr_1_63?keywords=Dressing+table&qid=1654403971&sr=8-63,https://m.media-amazon.com/images/I/61mDLoFJXoL._AC_UL960_FMwebp_QL65_.jpg,wood gray silver
D16,"leather dimgray white A Mini Model Dressing Table, a Beautiful Dressing Table for Dolls' cabinets Nicely Made Beautiful Well Designed","1,229",,,https://www.amazon.in//Dressing-Beautiful-cabinets-Nicely-Designed/dp/B0B1YKV68J/ref=sr_1_64?keywords=Dressing+table&qid=1654403971&sr=8-64,https://m.media-amazon.com/images/I/51Zx252x0tL._AC_UL960_FMwebp_QL65_.jpg,leather dimgray white
D17,wood darkslategray dimgray Risu Furniture Home Dressing Table,/A,,,https://www.amazon.in//Risu-Furniture-Home-Dressing-Table/dp/B0B1PY23R9/ref=sr_1_65?keywords=Dressing+table&qid=1654403971&sr=8-65,https://m.media-amazon.com/images/I/51Z-2nBAVyL._AC_UL960_FMwebp_QL65_.jpg,wood darkslategray dimgray
D18,wood saddlebrown whitesmoke Sanvox Dressing Table Mirror- (80X60X14) (Walnut),"2,949",3.8 out of 5 stars,15,https://www.amazon.in//Sanvox-Dressing-Table-Mirror-Walnut/dp/B08J44NL3S/ref=sr_1_66?keywords=Dressing+table&qid=1654403971&sr=8-66,https://m.media-amazon.com/images/I/71gDQx5uWJL._AC_UL960_FMwebp_QL65_.jpg,wood saddlebrown whitesmoke
D19,wood gray snow GANAPATHI Wood Works Dressing Table in with Mirror Brown Color,"12,050",,Only 1 left in stock.,https://www.amazon.in//GANAPATHI-Works-Dressing-Table-Mirror/dp/B0B31X1YSC/ref=sr_1_67?keywords=Dressing+table&qid=1654403971&sr=8-67,https://m.media-amazon.com/images/I/41PjuqC11BL._AC_UL960_FMwebp_QL65_.jpg,wood gray snow
D20,"plastic dimgray whitesmoke FreshDcart Cosmetic Make Up Storage Box Organizer with Makeup Stand and Drawers for Dressing Table, Bedroom, Home (Multicolour, FDC3RFT)",190,3.8 out of 5 stars,452,https://www.amazon.in//FreshDcart-Cosmetic-Organizer-Dressing-Multicolour/dp/B0915X9848/ref=sr_1_68?keywords=Dressing+table&qid=1654403971&sr=8-68,https://m.media-amazon.com/images/I/61zNd5isedL._AC_UL960_FMwebp_QL65_.jpg,plastic dimgray whitesmoke
D21,wood silver darkgray Wooden Mirror Dressing Table Yadav Foam & Furnishing.,/A,,,https://www.amazon.in//Wooden-Mirror-Dressing-Table-Furnishing/dp/B09XTV3QFJ/ref=sr_1_69?keywords=Dressing+table&qid=1654403971&sr=8-69,https://m.media-amazon.com/images/I/316f7AmRS6L._AC_UL960_FMwebp_QL65_.jpg,wood silver darkgray
D22,"wood black darkgray GANAPATHI Wood Works New Model Dressing Table in Dark Chocolate Color,","12,050",,Only 1 left in stock.,https://www.amazon.in//GANAPATHI-Works-Model-Dressing-Chocolate/dp/B0B31XRF51/ref=sr_1_70?keywords=Dressing+table&qid=1654403971&sr=8-70,https://m.media-amazon.com/images/I/41k1UbQaMTL._AC_UL960_FMwebp_QL65_.jpg,wood black darkgray
D23,wood lightgray gray Wood Dressing Table with Mirror for Home,/A,,,https://www.amazon.in//Wood-Dressing-Table-Mirror-Home/dp/B0B2JSG5H8/ref=sr_1_72?keywords=Dressing+table&qid=1654403971&sr=8-72,https://m.media-amazon.com/images/I/41ZHMzVZeyL._AC_UL960_FMwebp_QL65_.jpg,wood lightgray gray
D24,wood dimgray darkgray Risu furniture's Dressing Table / Wooden,/A,,,https://www.amazon.in//Risu-furnitures-Dressing-Table-Wooden/dp/B0B1PZP6VR/ref=sr_1_73?keywords=Dressing+table&qid=1654403971&sr=8-73,https://m.media-amazon.com/images/I/41iOykBLb5L._AC_UL960_FMwebp_QL65_.jpg,wood dimgray darkgray
D25,plastic darkgray darkslategray Ganpati Arts Sheesham Wood Dressing Table with 2 Drawer and 1 Door Storage for Living Room Bedroom Wooden Vanities for Home Solid Wood Bedroom Furniture (Natural Finish),"19,499",5.0 out of 5 stars,10,https://www.amazon.in//Ganpati-Arts-Sheesham-Dressing-Furniture/dp/B099FCCZ3F/ref=sr_1_74?keywords=Dressing+table&qid=1654403971&sr=8-74,https://m.media-amazon.com/images/I/71GdigapgDL._AC_UL960_FMwebp_QL65_.jpg,plastic darkgray darkslategray
D26,wood darkslategray gray ELTOP Engineer Wooden Dressing Table with Mirror and Storage for Bedroom Home Furniture for Women/Girls,/A,3.6 out of 5 stars,38,https://www.amazon.in//ELTOP-Engineer-Dressing-Drawers-Storage/dp/B08G4TCTQV/ref=sr_1_75?keywords=Dressing+table&qid=1654403971&sr=8-75,https://m.media-amazon.com/images/I/61K7AV7vtWL._AC_UL960_FMwebp_QL65_.jpg,wood darkslategray gray
D27,wood black dimgray GANAPATHI Wood Works Latest Dressing Table with Mirror Brown Color,"10,950",,Only 1 left in stock.,https://www.amazon.in//GANAPATHI-Works-Latest-Dressing-Mirror/dp/B0B31XWMRQ/ref=sr_1_76?keywords=Dressing+table&qid=1654403971&sr=8-76,https://m.media-amazon.com/images/I/31wawVOu9BL._AC_UL960_FMwebp_QL65_.jpg,wood black dimgray
D28,metal gray gray TG Furniture Sheesham Wood Italian Dressing Table with 2 Drawer for Bedroom Living Room Home Wooden Furniture - (Natural Finish),/A,5.0 out of 5 stars,2,https://www.amazon.in//TG-Furniture-Sheesham-Italian-Dressing/dp/B09HTJ1RGG/ref=sr_1_77?keywords=Dressing+table&qid=1654403971&sr=8-77,https://m.media-amazon.com/images/I/61Z8rLXUQlL._AC_UL960_FMwebp_QL65_.jpg,metal gray gray
D29,plastic dimgray rosybrown White Dressing Table with Mirror for Home,/A,,,https://www.amazon.in//White-Dressing-Table-Mirror-Home/dp/B0B2KCDFBT/ref=sr_1_78?keywords=Dressing+table&qid=1654403971&sr=8-78,https://m.media-amazon.com/images/I/41zyAzWaW8L._AC_UL960_FMwebp_QL65_.jpg,plastic dimgray rosybrown
D30,wood lightgray gray Hexagon Furnitures Engineered Wood Dressing Table with 1 Mirror and Storage (White-Brown) and with LED Light Multi Colour Keychain of Hexagon Brand.,"6,500",5.0 out of 5 stars,2,https://www.amazon.in//Hexagon-Furnitures-Engineered-Dressing-White-Brown/dp/B09RHXZ31V/ref=sr_1_80?keywords=Dressing+table&qid=1654403971&sr=8-80,https://m.media-amazon.com/images/I/411YN3hgaqL._AC_UL960_FMwebp_QL65_.jpg,wood lightgray gray
D31,plastic black saddlebrown FURNITURE WORLD DRESSING TABLE DESIGN -2,/A,,,https://www.amazon.in//FURNITURE-WORLD-DRESSING-TABLE-DESIGN/dp/B0B2Q2TSJP/ref=sr_1_81?keywords=Dressing+table&qid=1654403971&sr=8-81,https://m.media-amazon.com/images/I/21QBBJoBPUL._AC_UL540_FMwebp_QL65_.jpg,plastic black saddlebrown
D32,plastic rosybrown silver Craftatoz Sheesham Wood Dressing Table for Bedroom,"13,999",,,https://www.amazon.in//Craftatoz-Sheesham-Dressing-Table-Bedroom/dp/B09W5CT9HY/ref=sr_1_82?keywords=Dressing+table&qid=1654403971&sr=8-82,https://m.media-amazon.com/images/I/51tDglOGt5L._AC_UL960_FMwebp_QL65_.jpg,plastic rosybrown silver
D33,plastic tan lightgray BL Wood Furniture Sheesham Wood Eva Dressing Table with Mirror for Living Room (Teak Finish),"11,224",3.3 out of 5 stars,9,https://www.amazon.in//B-L-Furniture-Sheesham-Dressing-Mirror/dp/B07DVP87P1/ref=sr_1_83?keywords=Dressing+table&qid=1654403971&sr=8-83,https://m.media-amazon.com/images/I/61xll4uG9CL._AC_UL960_FMwebp_QL65_.jpg,plastic tan lightgray
D34,wood dimgray darkslategray Risu furniture's Dressing Table for Bedroom,/A,,,https://www.amazon.in//Risu-furnitures-Dressing-Table-Bedroom/dp/B0B1PYQGDK/ref=sr_1_84?keywords=Dressing+table&qid=1654403971&sr=8-84,https://m.media-amazon.com/images/I/41dExdsVEML._AC_UL960_FMwebp_QL65_.jpg,wood dimgray darkslategray
D35,wood darkgray darkslategray OMAARA Make up Mirror with 5 Drawer Table and 10 Led Light in 3 Color 3 Mode/Dressing Table/Wall Light TMirror & Small Pro Table,"21,999",3.4 out of 5 stars,5,https://www.amazon.in//OMAARA-Mirror-Drawer-Dressing-TMirror/dp/B08W2MBK5F/ref=sr_1_86?keywords=Dressing+table&qid=1654403971&sr=8-86,https://m.media-amazon.com/images/I/61yOSwh1ngL._AC_UL960_FMwebp_QL65_.jpg,wood darkgray darkslategray
D36,wood gainsboro snow Hexagon Furnitures Milano Wooden Varnish Finish Modern Dressing Table (Brown),"6,500",4.2 out of 5 stars,14,https://www.amazon.in//Hexagon-Furnitures-Milano-Wooden-Dressing/dp/B07MNYQ4BM/ref=sr_1_87?keywords=Dressing+table&qid=1654403971&sr=8-87,https://m.media-amazon.com/images/I/71kvNdxNvHL._AC_UL960_FMwebp_QL65_.jpg,wood gainsboro snow
D37,"wood saddlebrown gray Generic Dressing Table With Storage, Light & Stool In Rosewood Color",/A,4.1 out of 5 stars,23,https://www.amazon.in//Generic-Dressing-Table-Storage-Rosewood/dp/B06XCDK9JL/ref=sr_1_88?keywords=Dressing+table&qid=1654403971&sr=8-88,https://m.media-amazon.com/images/I/71pk6ctc2aL._AC_UL960_FMwebp_QL65_.jpg,wood saddlebrown gray
D38,wood silver whitesmoke Madhuran Rubia Wall Mounted Engineering Wood Classic Walnut with 2 Shelf 21X36 Inch Dressing Table,"2,969",,,https://www.amazon.in//Madhuran-Mounted-Engineering-Classic-Dressing/dp/B08PBZNFXX/ref=sr_1_89?keywords=Dressing+table&qid=1654403971&sr=8-89,https://m.media-amazon.com/images/I/71f3TIixEkL._AC_UL960_FMwebp_QL65_.jpg,wood silver whitesmoke
D39,wood gray silver Generic Multi-Ply Dressing Table with Stool (Brown),/A,3.8 out of 5 stars,5,https://www.amazon.in//Generic-Multi-Ply-Dressing-Table-Stool/dp/B0781P2L64/ref=sr_1_90?keywords=Dressing+table&qid=1654403971&sr=8-90,https://m.media-amazon.com/images/I/71CGi8A0gML._AC_UL960_FMwebp_QL65_.jpg,wood gray silver
D40,wood gray burlywood Luxury Decorative Eye Engineered Wood Dressing Table Mirror with Led Light Mirror and Storage Shelves Behind Mirror Dressing Table Stand (Black),/A,4.5 out of 5 stars,2,https://www.amazon.in//Decorative-Engineered-Dressing-Storage-Black/dp/B09JF5NL2F/ref=sr_1_91?keywords=Dressing+table&qid=1654403971&sr=8-91,https://m.media-amazon.com/images/I/61ISHtTVTTL._AC_UL960_FMwebp_QL65_.jpg,wood gray burlywood
D41,wood black rosybrown Captiver Engineered Wood Cabinet Wall Mounted Dressing Table with 2 Shelf 21X36 Inch Mask Hanger (Calssic Walnut),"3,099",4.1 out of 5 stars,6,https://www.amazon.in//Captiver-Engineered-Cabinet-Mounted-Dressing/dp/B08MVY65SR/ref=sr_1_92?keywords=Dressing+table&qid=1654403971&sr=8-92,https://m.media-amazon.com/images/I/71f3TIixEkL._AC_UL960_FMwebp_QL65_.jpg,wood black rosybrown
D42,plastic silver darkgray OMAARA The Makeup Mafia is Mid Size Vanity Dressing Table,"26,999",,Save ₹499,https://www.amazon.in//OMAARA-Makeup-Mafia-Vanity-Dressing/dp/B096ZP1XHC/ref=sr_1_96?keywords=Dressing+table&qid=1654403971&sr=8-96,https://m.media-amazon.com/images/I/51EY4Kj8PXS._AC_UL960_FMwebp_QL65_.jpg,plastic silver darkgray
D43,wood darkslategray darkolivegreen Fast4Ward Engineered Wood Modern Dressing Table with Glass Storage and Drawer and Door (Brown),"5,799",4.7 out of 5 stars,6,https://www.amazon.in//Fast4Ward-Engineered-Modern-Dressing-Storage/dp/B08P8V5GLS/ref=sr_1_97?keywords=Dressing+table&qid=1654403971&sr=8-97,https://m.media-amazon.com/images/I/61yyOLtd8uL._AC_UL960_FMwebp_QL65_.jpg,wood darkslategray darkolivegreen
D44,"wood beige lightgray Hexagon Furnitures Wooden Tigress Teak Dressing Table (Brown, Big One)","5,800",4.5 out of 5 stars,22,https://www.amazon.in//Hexagon-Furnitures-Wooden-Tigress-Dressing/dp/B07MDJML6D/ref=sr_1_99?keywords=Dressing+table&qid=1654403971&sr=8-99,https://m.media-amazon.com/images/I/71tHVbGaAeL._AC_UL960_FMwebp_QL65_.jpg,wood beige lightgray
D45,"wood silver darkgray Green Interior and FURNITURES GENERIC Dressing Table, Pack of 1",/A,,,https://www.amazon.in//Green-Interior-FURNITURES-GENERIC-Dressing/dp/B0B1XDF7H2/ref=sr_1_100?keywords=Dressing+table&qid=1654403971&sr=8-100,https://m.media-amazon.com/images/I/31vZs+AQ4FL._AC_UL960_FMwebp_QL65_.jpg,wood silver darkgray
D46,"wood gray white Green Interior and FURNITURES GENERIC Dressing Table, Pack of 1",/A,,,https://www.amazon.in//Green-Interior-FURNITURES-GENERIC-Dressing/dp/B0B1XDF7H2/ref=sr_1_97?keywords=Dressing+table&qid=1654403974&sr=8-97,https://m.media-amazon.com/images/I/31vZs+AQ4FL._AC_UL960_FMwebp_QL65_.jpg,wood gray white
D47,"wood darkslategray black Furnitureshri Shree Solid Sheesham Wooden Dressing Table with Mirror and Stool (Standard Size, Black)","23,999",3.8 out of 5 stars,3,https://www.amazon.in//Furnitureshri-Sheesham-Wooden-Dressing-Standard/dp/B07MV1X7XM/ref=sr_1_98?keywords=Dressing+table&qid=1654403974&sr=8-98,https://m.media-amazon.com/images/I/71YJhMxn6OL._AC_UL960_FMwebp_QL65_.jpg,wood darkslategray black
D48,wood black gainsboro BL Wood Furniture Sheesham Wood Dressing Table with Mirror for Bedroom Living Room Vanity Make Up Tables with Drawer (Walnut Finish),"16,944",4.8 out of 5 stars,5,https://www.amazon.in//BL-Furniture-Sheesham-Dressing-Bedroom/dp/B08XY3FTKX/ref=sr_1_99?keywords=Dressing+table&qid=1654403974&sr=8-99,https://m.media-amazon.com/images/I/719daorJWDL._AC_UL960_FMwebp_QL65_.jpg,wood black gainsboro
D49,wood darkolivegreen silver OMAARA The Makeup Icon Long Hollywood Mirror with 2 Drawers|9 Bright LED Bulbs Dressing Table,"24,499",4.4 out of 5 stars,3,https://www.amazon.in//OMAARA-Hollywood-Drawers-Dressing-Table/dp/B097H4LFKT/ref=sr_1_100?keywords=Dressing+table&qid=1654403974&sr=8-100,https://m.media-amazon.com/images/I/61wExG+m8JS._AC_UL960_FMwebp_QL65_.jpg,wood darkolivegreen silver
D50,"wood lightgray white GANAPATHI Wood Works Latest Dressing Table with Mirror and Storage Facility,.","10,950",,Only 1 left in stock.,https://www.amazon.in//GANAPATHI-Latest-Dressing-Storage-Facility/dp/B0B31XXMKR/ref=sr_1_101?keywords=Dressing+table&qid=1654403974&sr=8-101,https://m.media-amazon.com/images/I/31wawVOu9BL._AC_UL960_FMwebp_QL65_.jpg,wood lightgray white
D51,plastic gray snow WOODSTAGE Sheesham Wood Dressing Table with Storage Drawer for Living Room Bedroom Wooden Vanities for Home Solid Wood Bedroom Furniture (Honey Finish),"15,001",,,https://www.amazon.in//WOODSTAGE-Sheesham-Dressing-Vanities-Furniture/dp/B09Y1VCJBC/ref=sr_1_103?keywords=Dressing+table&qid=1654403974&sr=8-103,https://m.media-amazon.com/images/I/51rHUDhP47L._AC_UL960_FMwebp_QL65_.jpg,plastic gray snow
D52,"plastic gray gray Ganpati Arts Contemporary Dressing Table (Sheesham,Natural)","14,199",4.2 out of 5 stars,26,https://www.amazon.in//Ganpati-Arts-Sheesham-Dressing-Storage/dp/B07R1796MT/ref=sr_1_104?keywords=Dressing+table&qid=1654403974&sr=8-104,https://m.media-amazon.com/images/I/61ih8l-ywKL._AC_UL960_FMwebp_QL65_.jpg,plastic gray gray
D53,wood dimgray black Hudson's Beuza Dressing Table in Dark Walnut Color,"6,500",,More Buying Choices,https://www.amazon.in//Hudsons-Beuza-Dressing-Table-Walnut/dp/B07JR7J93L/ref=sr_1_105?keywords=Dressing+table&qid=1654403974&sr=8-105,https://m.media-amazon.com/images/I/61+WoNlbw8L._AC_UL960_FMwebp_QL65_.jpg,wood dimgray black
D54,wood black snow Kuber Industries Cotton Dressing Mirror Cover - Beige (61x26 Cm),169,3.7 out of 5 stars,343,https://www.amazon.in//Kuber-Industries-Cotton-Dressing-Mirror/dp/B07373F25S/ref=sr_1_106?keywords=Dressing+table&qid=1654403974&sr=8-106,https://m.media-amazon.com/images/I/61B4XSCQdRL._AC_UL960_FMwebp_QL65_.jpg,wood black snow
D55,"wood dimgray black Green Interior and FURNITURES GENERIC Dressing Table Big, Pack of 1",/A,,,https://www.amazon.in//Green-Interior-FURNITURES-GENERIC-Dressing/dp/B0B1XCRN1H/ref=sr_1_107?keywords=Dressing+table&qid=1654403974&sr=8-107,https://m.media-amazon.com/images/I/31pusDTWlyL._AC_UL960_FMwebp_QL65_.jpg,wood dimgray black
D56,wood gray white GANAPATHI Wood Works Big Size Luxury Look Dressing Table in Dark Brown with Mirror,"15,050",,Only 1 left in stock.,https://www.amazon.in//GANAPATHI-Works-Luxury-Dressing-Mirror/dp/B0B31WSZC6/ref=sr_1_109?keywords=Dressing+table&qid=1654403974&sr=8-109,https://m.media-amazon.com/images/I/41MhnpdqH5L._AC_UL960_FMwebp_QL65_.jpg,wood gray white
D57,"wood gainsboro darkgray CASPIAN Furniture Coffee Brown Engineered Wood Dressing Table with 2 Drawers, Mirror and Open Shelves | Bedroom Organizer | Bedroom Storage Unit","5,200",,,https://www.amazon.in//Furniture-Engineered-Wood-Dressing-Organizer/dp/B09PZ3Y6YS/ref=sr_1_112?keywords=Dressing+table&qid=1654403974&sr=8-112,https://m.media-amazon.com/images/I/51yIbVbye-L._AC_UL960_FMwebp_QL65_.jpg,wood gainsboro darkgray
D58,wood black lightgray WOODSTAGE Sheesham Wood Dressing Table with 2 Drawer Storage for Living Room Bedroom Wooden Vanities for Home Solid Wood Bedroom Furniture (Natural Finish),"12,494",,,https://www.amazon.in//WOODSTAGE-Sheesham-Dressing-Vanities-Furniture/dp/B09Y1T54RN/ref=sr_1_113?keywords=Dressing+table&qid=1654403974&sr=8-113,https://m.media-amazon.com/images/I/61fIyJfzpNL._AC_UL960_FMwebp_QL65_.jpg,wood black lightgray
D59,wood silver silver Hexagon Furnitures Engineered Wood Dressing Table with 1 Mirror and Storage (Brown) and with LED Light Multi Colour Keychain of Hexagon Brand. (B),"8,000",,,https://www.amazon.in//Hexagon-Furnitures-Engineered-Dressing-Keychain/dp/B08ZN6WD25/ref=sr_1_114?keywords=Dressing+table&qid=1654403974&sr=8-114,https://m.media-amazon.com/images/I/51kigNZde6L._AC_UL960_FMwebp_QL65_.jpg,wood silver silver
D60,wood lightgray black GANAPATHI Wood Works New Model Dressing Table in Dark Brown with Mirror for Living Room.,"12,050",,Only 1 left in stock.,https://www.amazon.in//GANAPATHI-Works-Dressing-Mirror-Living/dp/B0B31Z7TN2/ref=sr_1_115?keywords=Dressing+table&qid=1654403974&sr=8-115,https://m.media-amazon.com/images/I/41PjuqC11BL._AC_UL960_FMwebp_QL65_.jpg,wood lightgray black
D61,metal gray lightgray Ekome Furniture Reahome Walnut Dresser for Bedroom|Dresser for Bedroom|Home Furniture|Dresser for Home|Storage Dresser|Dresser|Dressing Table,/A,3.0 out of 5 stars,1,https://www.amazon.in//Ekome-Furniture-Reahome-Dresser-Dressing/dp/B091SN96S8/ref=sr_1_117?keywords=Dressing+table&qid=1654403974&sr=8-117,https://m.media-amazon.com/images/I/81nSPeW2-ML._AC_UL960_FMwebp_QL65_.jpg,metal gray lightgray
D62,wood dimgray gainsboro Illfordd furniture Dressing Table with Mirror and Storage Cupboard (Color-Dark Brown),"5,200",,,https://www.amazon.in//Illfordd-furniture-Dressing-Cupboard-Color-Dark/dp/B09ND69PHQ/ref=sr_1_118?keywords=Dressing+table&qid=1654403974&sr=8-118,https://m.media-amazon.com/images/I/41FijJiin8L._AC_UL960_FMwebp_QL65_.jpg,wood dimgray gainsboro
D63,wood silver darkgray Furniture Plus Beautiful Grey Furniture Plus Sitting Designer with Wooden Feet Dressing Table,"3,599",,,https://www.amazon.in//Furniture-Beautiful-Sitting-Designer-Dressing/dp/B09PHLF23X/ref=sr_1_119?keywords=Dressing+table&qid=1654403974&sr=8-119,https://m.media-amazon.com/images/I/21j4C+hQkqL._AC_UL960_FMwebp_QL65_.jpg,wood silver darkgray
D64,wood darkolivegreen lightgray illfordd furniture Dressing Table with Mirror and Storage Cupboard (Color-Chocolate Brown),"5,200",,,https://www.amazon.in//illfordd-furniture-Dressing-Cupboard-Color-Chocolate/dp/B09ND6MSJ8/ref=sr_1_121?keywords=Dressing+table&qid=1654403974&sr=8-121,https://m.media-amazon.com/images/I/41tWy9t1-bL._AC_UL960_FMwebp_QL65_.jpg,wood darkolivegreen lightgray
D65,"wood gray darkgray GANAPATHI Wood Works Dressing Table in Dark Chocolate Color,","12,050",,Only 1 left in stock.,https://www.amazon.in//GANAPATHI-Works-Dressing-Table-Chocolate/dp/B0B31YWXF5/ref=sr_1_122?keywords=Dressing+table&qid=1654403974&sr=8-122,https://m.media-amazon.com/images/I/41k1UbQaMTL._AC_UL960_FMwebp_QL65_.jpg,wood gray darkgray
D66,wood darkslategray dimgray Spacewood Premium Dressing Table (Walnut Rigato),"10,131",4.0 out of 5 stars,1,https://www.amazon.in//Spacewood-Premium-Dressing-Walnut-Rigato/dp/B07D3XN35K/ref=sr_1_123?keywords=Dressing+table&qid=1654403974&sr=8-123,https://m.media-amazon.com/images/I/71esFbWOGML._AC_UL960_FMwebp_QL65_.jpg,wood darkslategray dimgray
D67,plastic black gainsboro Ekome Furniture Brook Walnut Dresser for Bedroom|Dresser for Bedroom|Home Furniture|Dresser for Home|Storage Dresser|Dresser|Dressing Table,/A,4.2 out of 5 stars,4,https://www.amazon.in//Ekome-Furniture-Dresser-Bedroom-Dressing/dp/B091SJMCD2/ref=sr_1_124?keywords=Dressing+table&qid=1654403974&sr=8-124,https://m.media-amazon.com/images/I/71LakP5QyVL._AC_UL960_FMwebp_QL65_.jpg,plastic black gainsboro
D68,"wood gray indianred Generic Dressing Table With Storage, Light & Stool",/A,5.0 out of 5 stars,2,https://www.amazon.in//Generic-Dressing-Table-Storage-Light/dp/B06XCQSXPJ/ref=sr_1_125?keywords=Dressing+table&qid=1654403974&sr=8-125,https://m.media-amazon.com/images/I/71w9QMs-jUL._AC_UL960_FMwebp_QL65_.jpg,wood gray indianred
D69,wood dimgray white Risu FurnitureGoorej Interio Udora /Chocolate / Dressing Table,/A,,,https://www.amazon.in//FurnitureGoorej-Interio-Udora-Chocolate-Dressing/dp/B0B1Q2VMKD/ref=sr_1_126?keywords=Dressing+table&qid=1654403974&sr=8-126,https://m.media-amazon.com/images/I/31fHVd7CiLL._AC_UL960_FMwebp_QL65_.jpg,wood dimgray white
D70,plastic darkslategray black The Attic Ambient Dressing Table Walnut,"10,999",3.6 out of 5 stars,4,https://www.amazon.in//Attic-Ambient-Dressing-Table-Walnut/dp/B08WC3YR8B/ref=sr_1_127?keywords=Dressing+table&qid=1654403974&sr=8-127,https://m.media-amazon.com/images/I/31hx5goWLvL._AC_UL960_FMwebp_QL65_.jpg,plastic darkslategray black
D71,wood dimgray dimgray Brown Engineered Wood Dressing Table with 1 Wardrobe with Mirror ON IT and 1 Drawer,/A,,,https://www.amazon.in//Brown-Dressing-Wardrobe-Mirror-Drawer/dp/B08JGM1FYT/ref=sr_1_130?keywords=Dressing+table&qid=1654403974&sr=8-130,https://m.media-amazon.com/images/I/818GVMCp0XL._AC_UL960_FMwebp_QL65_.jpg,wood dimgray dimgray
D72,wood gainsboro snow Dressing Table with Mirror (Black),/A,,,https://www.amazon.in//Dressing-Table-with-Mirror-Black/dp/B097RQW946/ref=sr_1_133?keywords=Dressing+table&qid=1654403974&sr=8-133,https://m.media-amazon.com/images/I/616OiO-3EwS._AC_UL960_FMwebp_QL65_.jpg,wood gainsboro snow
D73,"plastic gainsboro white Wakefit Gauze Dressing Table (Acacia Solid Wood, Brown Finish, Brown)","8,000",5.0 out of 5 stars,2,https://www.amazon.in//Wakefit-Gauze-Dressing-Acacia-Finish/dp/B09QCTKGTK/ref=sr_1_134?keywords=Dressing+table&qid=1654403974&sr=8-134,https://m.media-amazon.com/images/I/41BbsMBgr9L._AC_UL960_FMwebp_QL65_.jpg,plastic gainsboro white
D74,wood silver lightgray Pepperfry Dressing Table | Mintwud | Kazashi | Color: Wenge Color | Dressing Table with Mirror | Dressing Table,"10,806",,,https://www.amazon.in//Mintwud-Pepperfry-Adyna-Seater-Colour/dp/B08YF55J5L/ref=sr_1_137?keywords=Dressing+table&qid=1654403974&sr=8-137,https://m.media-amazon.com/images/I/51AMt5p-U6L._AC_UL960_FMwebp_QL65_.jpg,wood silver lightgray
D75,"wood sienna whitesmoke TG Furniture Solid Wood Foster Dressing Table with Door and Drawer for Home (Sheesham Wood, Natural Finish)",/A,,,https://www.amazon.in//TG-Furniture-Dressing-Sheesham-Natural/dp/B07R1MJCYQ/ref=sr_1_140?keywords=Dressing+table&qid=1654403974&sr=8-140,https://m.media-amazon.com/images/I/51rdC5MMgHS._AC_UL960_FMwebp_QL65_.jpg,wood sienna whitesmoke
D76,leather dimgray rosybrown Craftatoz Solid Wood Dressing Mirror for Living Room,"8,999",,,https://www.amazon.in//Craftatoz-Solid-Dressing-Mirror-Living/dp/B09XB49434/ref=sr_1_141?keywords=Dressing+table&qid=1654403974&sr=8-141,https://m.media-amazon.com/images/I/61r7gf6JBXL._AC_UL960_FMwebp_QL65_.jpg,leather dimgray rosybrown
D77,wood darkslategray snow Engineered Wood Dressing Table Mirror with Shelf Wenge,"20,000",,,https://www.amazon.in//Engineered-Dressing-Table-Mirror-Shelf/dp/B08LBPKWDX/ref=sr_1_143?keywords=Dressing+table&qid=1654403974&sr=8-143,https://m.media-amazon.com/images/I/31rIu5fd8YL._AC_UL960_FMwebp_QL65_.jpg,wood darkslategray snow
D78,"wood darkslategray gray PICKVILL Acrylic Cosmetic Storage Box with Drawers Cosmetic Jewellery Organisers Storage Box Makeup Organizer for Dressing Table(Material-Acrylic, Color-Transparent)",849,4.1 out of 5 stars,140,https://www.amazon.in//PICKVILL-Cosmetic-Jewellery-Organisers-Organizer/dp/B0823Y3MC8/ref=sr_1_144?keywords=Dressing+table&qid=1654403974&sr=8-144,https://m.media-amazon.com/images/I/71MiYX-z-6L._AC_UL960_FMwebp_QL65_.jpg,wood darkslategray gray
D79,wood black whitesmoke Pepperfry Dressing Table | Mintwud | Kazashi | Color: Wenge Color | Dressing Table with Mirror | Dressing Table,"10,806",,,https://www.amazon.in//Mintwud-Pepperfry-Adyna-Seater-Colour/dp/B08YF55J5L/ref=sr_1_147?keywords=Dressing+table&qid=1654403977&sr=8-147,https://m.media-amazon.com/images/I/51AMt5p-U6L._AC_UL960_FMwebp_QL65_.jpg,wood black whitesmoke
D80,"wood sienna whitesmoke TG Furniture Solid Wood Foster Dressing Table with Door and Drawer for Home (Sheesham Wood, Natural Finish)",/A,,,https://www.amazon.in//TG-Furniture-Dressing-Sheesham-Natural/dp/B07R1MJCYQ/ref=sr_1_149?keywords=Dressing+table&qid=1654403977&sr=8-149,https://m.media-amazon.com/images/I/51rdC5MMgHS._AC_UL960_FMwebp_QL65_.jpg,wood sienna whitesmoke
D81,leather dimgray wheat Craftatoz Solid Wood Dressing Mirror for Living Room,"8,999",,,https://www.amazon.in//Craftatoz-Solid-Dressing-Mirror-Living/dp/B09XB49434/ref=sr_1_150?keywords=Dressing+table&qid=1654403977&sr=8-150,https://m.media-amazon.com/images/I/61r7gf6JBXL._AC_UL960_FMwebp_QL65_.jpg,leather dimgray wheat
D82,wood slategray darkgray Engineered Wood Dressing Table Mirror with Shelf Wenge,"20,000",,,https://www.amazon.in//Engineered-Dressing-Table-Mirror-Shelf/dp/B08LBPKWDX/ref=sr_1_152?keywords=Dressing+table&qid=1654403977&sr=8-152,https://m.media-amazon.com/images/I/31rIu5fd8YL._AC_UL960_FMwebp_QL65_.jpg,wood slategray darkgray
D83,wood gray white SS Furniture Wooden Dressing Table with Light and Stool (Maroon),"8,600",,,https://www.amazon.in//Furniture-Wooden-Dressing-Table-Maroon/dp/B09L3WP3M3/ref=sr_1_153?keywords=Dressing+table&qid=1654403977&sr=8-153,https://m.media-amazon.com/images/I/51zH38uwtYS._AC_UL960_FMwebp_QL65_.jpg,wood gray white
D84,plastic darkslategray gray The Gift Fairy Dressing Table with Mirror and Storage for Small Area Already Assembled,/A,,,https://www.amazon.in//International-Dressing-Storage-Already-Assembled/dp/B09MBTDT4G/ref=sr_1_154?keywords=Dressing+table&qid=1654403977&sr=8-154,https://m.media-amazon.com/images/I/51NV-OAl-BL._AC_UL960_FMwebp_QL65_.jpg,plastic darkslategray gray
D85,plastic darkslategray whitesmoke Redwud Lavis Engineered Wood Dressing Wall Mirrors/Wall Hanging Dressing Mirrors with Shelf/Decorative Wall Mirror/Dressing Table for Bed Room/Living Room (White-Wenge) Matte Finish,"3,099",3.0 out of 5 stars,5,https://www.amazon.in//Redwud-Engineered-Dressing-Decorative-White-Wenge/dp/B09BG6WW6P/ref=sr_1_155?keywords=Dressing+table&qid=1654403977&sr=8-155,https://m.media-amazon.com/images/I/610fSpTsrwL._AC_UL960_FMwebp_QL65_.jpg,plastic darkslategray whitesmoke
D86,wood silver silver TG Furniture Solid Sheesham Wood Western Dressing Table with 1 Drawer Storage for Bedroom Living Room Home Wooden Furniture (Natural Finish),/A,4.4 out of 5 stars,2,https://www.amazon.in//TG-Furniture-Western-Dressing-Sheesham/dp/B07QWDKYDJ/ref=sr_1_156?keywords=Dressing+table&qid=1654403977&sr=8-156,https://m.media-amazon.com/images/I/61Z69K+eGNL._AC_UL960_FMwebp_QL65_.jpg,wood silver silver
D87,wood dimgray whitesmoke Pepperfry Dining Set | Mintwud | Fabiola | Seatings: 4 | Color: Walnut Finish | 4 Seater Dining Sets with Bench | Dining Table Set | Family Dining Table,/A,,,https://www.amazon.in//Mintwud-Pepperfry-Kazashi-Dresser-Colour/dp/B08YRGF15J/ref=sr_1_157?keywords=Dressing+table&qid=1654403977&sr=8-157,https://m.media-amazon.com/images/I/61yMHijJaTL._AC_UL960_FMwebp_QL65_.jpg,wood dimgray whitesmoke
D88,"wood silver dimgray NG Decor, Modern Blue Makeup Vanity Set Retracted Dressing Table Cabinet&Stool&Mirror Included","69,499",,,https://www.amazon.in//Modern-Retracted-Dressing-Cabinet-Included/dp/B0B21GRX9F/ref=sr_1_158?keywords=Dressing+table&qid=1654403977&sr=8-158,https://m.media-amazon.com/images/I/61FDAV2l5HL._AC_UL960_FMwebp_QL65_.jpg,wood silver dimgray
D89,"wood silver gray NG Decor, Modern White Extendable Makeup Vanity 5 Drawers Dressing Table Set with Stool and Mirror","51,499",,,https://www.amazon.in//Modern-Extendable-Makeup-Drawers-Dressing/dp/B0B21G6NXB/ref=sr_1_159?keywords=Dressing+table&qid=1654403977&sr=8-159,https://m.media-amazon.com/images/I/71M-1x-azdL._AC_UL960_FMwebp_QL65_.jpg,wood silver gray
D90,wood darkolivegreen darkolivegreen OMAARA The Makeup Princess with 10 Drawers|10 Bright LED Bulbs with Colour Modes Dressing Table,"28,499",4.0 out of 5 stars,1,https://www.amazon.in//OMAARA-Princess-Drawers-Dressing-Table/dp/B097GW2TX2/ref=sr_1_160?keywords=Dressing+table&qid=1654403977&sr=8-160,https://m.media-amazon.com/images/I/61x0aP6wIOS._AC_UL960_FMwebp_QL65_.jpg,wood darkolivegreen darkolivegreen
D91,"metal rosybrown peru Orange Tree Kyoto Dressing Table with Round Mirror & Storage for Bedroom (Solid Acacia Wood, Mirror and Cane)","19,999",,,https://www.amazon.in//Orange-Tree-Kyoto-Dressing-Table/dp/B0978S7QQG/ref=sr_1_161?keywords=Dressing+table&qid=1654403977&sr=8-161,https://m.media-amazon.com/images/I/61rl3pybGCL._AC_UL960_FMwebp_QL65_.jpg,metal rosybrown peru
D92,plastic dimgray darkslategray Ekome Furniture Shore Walnut Dresser for Bedroom|Dresser for Bedroom|Home Furniture|Dresser for Home|Storage Dresser|Dresser|Dressing Table,/A,3.3 out of 5 stars,6,https://www.amazon.in//Ekome-Furniture-Dresser-Bedroom-Dressing/dp/B091SHH4KX/ref=sr_1_162?keywords=Dressing+table&qid=1654403977&sr=8-162,https://m.media-amazon.com/images/I/71eeZwbPb-L._AC_UL960_FMwebp_QL65_.jpg,plastic dimgray darkslategray
D93,plastic gray dimgray OMAARA Makeup Mirror with 1 Drawer Table and 10 LED Light in 3 Color Mode/Wall Mirror/ Dressing Table /Vanity Mirror (White),"15,295",,Save ₹499,https://www.amazon.in//OMAARA-Makeup-Mirror-Drawer-Dressing/dp/B08W284T97/ref=sr_1_163?keywords=Dressing+table&qid=1654403977&sr=8-163,https://m.media-amazon.com/images/I/311bgyxi6NS._AC_UL960_FMwebp_QL65_.jpg,plastic gray dimgray
D94,plastic rosybrown darkolivegreen Haryana Mart Antique Engineered Wood Dressing Table with Mirror and Shelf Storage (Dark Brown),/A,4.4 out of 5 stars,16,https://www.amazon.in//Haryana-Dressing-Mirror-Storage-Engineered/dp/B08JSTY2M1/ref=sr_1_164?keywords=Dressing+table&qid=1654403977&sr=8-164,https://m.media-amazon.com/images/I/71hyIazF0vL._AC_UL960_FMwebp_QL65_.jpg,plastic rosybrown darkolivegreen
D95,wood saddlebrown snow SamDecors Solid Wood Yellow Natural Teak Mirror for Walls and Dressing Table,/A,,,https://www.amazon.in//SamDecors-Yellow-Natural-Mirror-Dressing/dp/B09ZF48KJQ/ref=sr_1_165?keywords=Dressing+table&qid=1654403977&sr=8-165,https://m.media-amazon.com/images/I/61cXmGI7ieL._AC_UL960_FMwebp_QL65_.jpg,wood saddlebrown snow
D96,wood gray snow BEUMORO Acrylic Cosmetic Storage Organizer Desk and Dressing Table Stand/Holder Nail Polish Lipstick Eyeliner Comb Beauty Makeup Brush and Jewelry Organisers,249,4.5 out of 5 stars,2,https://www.amazon.in//BEUMORO-Cosmetic-Organizer-Dressing-Organisers/dp/B094ZPQ33H/ref=sr_1_166?keywords=Dressing+table&qid=1654403977&sr=8-166,https://m.media-amazon.com/images/I/71wFRYE+NtL._AC_UL960_FMwebp_QL65_.jpg,wood gray snow
D97,leather darkslategray lightgray NETXE Acrylic Cosmetic Storage Organizer Transparent Desk and Dressing Table Stand/Holder Nail Polish Lipstick Eyeliner Comb Beauty Makeup Brush and Jewelry Organisers,298,4.5 out of 5 stars,17,https://www.amazon.in//NETXE-Cosmetic-Organizer-Transparent-Organisers/dp/B09H3CRDK6/ref=sr_1_167?keywords=Dressing+table&qid=1654403977&sr=8-167,https://m.media-amazon.com/images/I/61qdWvEqvyL._AC_UL960_FMwebp_QL65_.jpg,leather darkslategray lightgray
D98,"wood silver darkgray Wood Long Mirror Dressing Table, Black",/A,,,https://www.amazon.in//Generic-Long-Mirror-Dressing-Table/dp/B08D3B3QVC/ref=sr_1_169?keywords=Dressing+table&qid=1654403977&sr=8-169,https://m.media-amazon.com/images/I/619xvi3Le+L._AC_UL960_FMwebp_QL65_.jpg,wood silver darkgray
D99,"leather gray white Ikea BRIMNES Dressing Table, white70x42 cm (27 1/2x16 1/2"")","9,644",4.0 out of 5 stars,1,https://www.amazon.in//Ikea-BRIMNES-Dressing-Table-white70x42/dp/B095GSDTMZ/ref=sr_1_171?keywords=Dressing+table&qid=1654403977&sr=8-171,https://m.media-amazon.com/images/I/21uvFu4nhZS._AC_UL960_FMwebp_QL65_.jpg,leather gray white
D100,wood silver silver GANAPATHI Wood Works Luxury Look Dressing Table in Dark Brown with Mirror for Home.,"15,050",,Only 1 left in stock.,https://www.amazon.in//GANAPATHI-Works-Luxury-Dressing-Mirror/dp/B0B31XFJFS/ref=sr_1_173?keywords=Dressing+table&qid=1654403977&sr=8-173,https://m.media-amazon.com/images/I/41MhnpdqH5L._AC_UL960_FMwebp_QL65_.jpg,wood silver silver
D101,"plastic silver gray I Rest Hd-MDF Water Proof Wood Solid Multicolor Dressing Table | 72""X28""(Pack of 1)",/A,,,https://www.amazon.in//Hd-MDF-Water-Proof-Multicolor-Dressing/dp/B09N3YPFLW/ref=sr_1_174?keywords=Dressing+table&qid=1654403977&sr=8-174,https://m.media-amazon.com/images/I/31-PxzaGkyL._AC_UL960_FMwebp_QL65_.jpg,plastic silver gray
D102,wood darkolivegreen gainsboro Hexagon Furnitures Engineered Wood Dressing Table with 1 Mirror and Storage (Brown) and with LED Light Multi Colour Keychain of Hexagon Brand. (A),"8,000",,,https://www.amazon.in//Hexagon-Furnitures-Engineered-Dressing-Keychain/dp/B08ZN1KKM3/ref=sr_1_175?keywords=Dressing+table&qid=1654403977&sr=8-175,https://m.media-amazon.com/images/I/51ongVfdv3L._AC_UL960_FMwebp_QL65_.jpg,wood darkolivegreen gainsboro
D103,wood lightgray dimgray GANAPATHI Wood Works Latest Model Dressing Table in with Mirror Brown Color,"10,950",,Only 1 left in stock.,https://www.amazon.in//GANAPATHI-Works-Latest-Dressing-Mirror/dp/B0B31XW9XP/ref=sr_1_176?keywords=Dressing+table&qid=1654403977&sr=8-176,https://m.media-amazon.com/images/I/31wawVOu9BL._AC_UL960_FMwebp_QL65_.jpg,wood lightgray dimgray
D104,wood dimgray silver BLUEWUD Rico Mini Engineered Wood Wall Mount Dressing Table Mirror with Shelves (Wenge),"2,299",5.0 out of 5 stars,3,https://www.amazon.in//BLUEWUD-Rico-Mini-Engineered-Dressing/dp/B09SGHLZYT/ref=sr_1_178?keywords=Dressing+table&qid=1654403977&sr=8-178,https://m.media-amazon.com/images/I/61GKBRcJYZL._AC_UL960_FMwebp_QL65_.jpg,wood dimgray silver
D105,"plastic dimgray gainsboro EMORSKY Cosmetic Make Up Storage Box Organizer with Makeup Stand and Drawers for Dressing Table, Bedroom / Home",125,3.4 out of 5 stars,5,https://www.amazon.in//EMORSKY-Cosmetic-Storage-Organizer-Dressing/dp/B09T7379JF/ref=sr_1_179?keywords=Dressing+table&qid=1654403977&sr=8-179,https://m.media-amazon.com/images/I/61RTymZPnqL._AC_UL960_FMwebp_QL65_.jpg,plastic dimgray gainsboro
D106,"plastic gray maroon Decornation Zane Dressing Table, MDF Solid Wood Table with Storage Drawer for Home (White)","7,999",4.1 out of 5 stars,18,https://www.amazon.in//Decornation-Dressing-Table-Storage-Drawer/dp/B0829VS5TG/ref=sr_1_180?keywords=Dressing+table&qid=1654403977&sr=8-180,https://m.media-amazon.com/images/I/712xlE2Y5ZL._AC_UL960_FMwebp_QL65_.jpg,plastic gray maroon
D107,wood gray gainsboro TG Furniture Solid Sheesham Wood Armania Dressing Table with 2 Drawer and 1 Door Storage for Living Room Bedroom Wooden Vanities for Home Solid Wood Bedroom Furniture (Natural Finish),/A,,,https://www.amazon.in//TG-Furniture-Sheesham-Dressing-Vanities/dp/B099FC248W/ref=sr_1_181?keywords=Dressing+table&qid=1654403977&sr=8-181,https://m.media-amazon.com/images/I/71ndfX6yw1S._AC_UL960_FMwebp_QL65_.jpg,wood gray gainsboro
D108,plastic darkslategray dimgray Seven Horses White Dressing Wall Mirrors/Wall Hanging Dressing Mirrors/Plain Decorative Wall Mirror/Dressing Table for Bed Room/ Wall Mounted Dressing Mirror for Living Room (Size 15X36 Inch),"1,998",,,https://www.amazon.in//Dressing-Mirrors-Hanging-Decorative-Mounted/dp/B0B25CNPCT/ref=sr_1_182?keywords=Dressing+table&qid=1654403977&sr=8-182,https://m.media-amazon.com/images/I/416TnxlvbwL._AC_UL788_FMwebp_QL65_.jpg,plastic darkslategray dimgray
D109,"leather darkolivegreen bisque INDIAN DECOR 46671 Chair Vanity Stool Square Upholstered Chair Seat Footstool Bench Dressing Table Makeup Velvet Metal, Golden Frame and White Cushion","3,999",,Save 3%,https://www.amazon.in//INDIAN-DECOR-46671-Upholstered-Footstool/dp/B09X467K6Q/ref=sr_1_183?keywords=Dressing+table&qid=1654403977&sr=8-183,https://m.media-amazon.com/images/I/31a4-z5JhmS._AC_UL960_FMwebp_QL65_.jpg,leather darkolivegreen bisque
D110,wood gainsboro lavender Generic Dressing Table With Light & Stool,"5,800",4.0 out of 5 stars,1,https://www.amazon.in//Generic-Dressing-Table-Light-Stool/dp/B074X83XG1/ref=sr_1_184?keywords=Dressing+table&qid=1654403977&sr=8-184,https://m.media-amazon.com/images/I/31wbGpLeixL._AC_UL960_FMwebp_QL65_.jpg,wood gainsboro lavender
D111,plastic darkslategray gainsboro Wolpin Makeup Organiser Cosmetic Makeup Lipstick Storage Box with Drawer Plastic Case Holder Skin Care Products for Dressing Table (22 x 16 x 12 cm),359,4.4 out of 5 stars,25,https://www.amazon.in//Organiser-Cosmetic-Lipstick-Products-Dressing/dp/B09RWT1YDX/ref=sr_1_185?keywords=Dressing+table&qid=1654403977&sr=8-185,https://m.media-amazon.com/images/I/61lv0vO6EiL._AC_UL960_FMwebp_QL65_.jpg,plastic darkslategray gainsboro
D112,"leather darkslategray white MALM Dressing Table, white120x41 cm (47 1/4x16 1/8 "")","12,999",,,https://www.amazon.in//MALM-Dressing-Table-white120x41-4x16/dp/B09TDR4KDH/ref=sr_1_186?keywords=Dressing+table&qid=1654403977&sr=8-186,https://m.media-amazon.com/images/I/21J++MRQOHL._AC_UL960_FMwebp_QL65_.jpg,leather darkslategray white
D113,wood gray black OMAARA Modern Wooden High-Gloss Make Up Mirror with 4 Drawer Table and 10 LED Bulb in Color Mode/Dressing Table - White,"19,495",,Save ₹499,https://www.amazon.in//OMAARA-Modern-Wooden-High-Gloss-Dressing/dp/B08W23F6YN/ref=sr_1_187?keywords=Dressing+table&qid=1654403977&sr=8-187,https://m.media-amazon.com/images/I/61pZJbHZA5S._AC_UL960_FMwebp_QL65_.jpg,wood gray black
D114,"plastic tan sienna Craftatoz French Dressing Table (Wood,Mirrored Finish,Brown)","11,999",2.4 out of 5 stars,2,https://www.amazon.in//Craftatoz-Sheesham-Dressing-Mirror-Living/dp/B07TH239Z7/ref=sr_1_188?keywords=Dressing+table&qid=1654403977&sr=8-188,https://m.media-amazon.com/images/I/51AXlqbZzUL._AC_UL960_FMwebp_QL65_.jpg,plastic tan sienna
D115,wood dimgray dimgray Nova Furnitures Engineered Wood Varnish Finish Modern Leaf Textured Fine Dressing Table (Brown ),"5,600",5.0 out of 5 stars,1,https://www.amazon.in//Nova-Furnitures-Modern-Textured-Dressing/dp/B07KLSS9MQ/ref=sr_1_189?keywords=Dressing+table&qid=1654403977&sr=8-189,https://m.media-amazon.com/images/I/41DkUJ6-oRL._AC_UL960_FMwebp_QL65_.jpg,wood dimgray dimgray
D116,wood darkslategray rosybrown JANCOM Studio Glow Vanity Make-up Natural Light for Makeup Dressing Table with 4 LED Bulbs and Powerful Suction Cups,449,3.5 out of 5 stars,35,https://www.amazon.in//JANCOM-Make-up-Natural-Dressing-Powerful/dp/B092QYHXMS/ref=sr_1_190?keywords=Dressing+table&qid=1654403977&sr=8-190,https://m.media-amazon.com/images/I/51XXTbsvrDL._AC_UL960_FMwebp_QL65_.jpg,wood darkslategray rosybrown
D117,wood darkgray darkolivegreen Orange Tree Barcelona Dressing Table with Round Mirror & Storage for Bedroom (Solid Wood and Metal),"17,999",,,https://www.amazon.in//Orange-Tree-Barcelona-Dresser-Mirror/dp/B097HTSXYJ/ref=sr_1_191?keywords=Dressing+table&qid=1654403977&sr=8-191,https://m.media-amazon.com/images/I/71yXaFidtAS._AC_UL960_FMwebp_QL65_.jpg,wood darkgray darkolivegreen
D118,"wood gray darkslategray Studio Kook Bonita Engineered Wood Dressing Table (Finish Color - Junglewood, Matte Finish)","13,990",,,https://www.amazon.in//Studio-Kook-Bonita-Engineered-Dressing/dp/B09XHW7SHB/ref=sr_1_192?keywords=Dressing+table&qid=1654403977&sr=8-192,https://m.media-amazon.com/images/I/81LukhlEuPL._AC_UL960_FMwebp_QL65_.jpg,wood gray darkslategray
D119,wood gray dimgray Nova Furnitures Engineered Wood Varnish Finish Modern Leaf Textured Fine Dressing Table (Brown ),"5,600",5.0 out of 5 stars,1,https://www.amazon.in//Nova-Furnitures-Modern-Textured-Dressing/dp/B07KLSS9MQ/ref=sr_1_193?keywords=Dressing+table&qid=1654403979&sr=8-193,https://m.media-amazon.com/images/I/41DkUJ6-oRL._AC_UL960_FMwebp_QL65_.jpg,wood gray dimgray
D120,wood gainsboro white Generic Dressing Table With Light & Stool,"5,800",4.0 out of 5 stars,1,https://www.amazon.in//Generic-Dressing-Table-Light-Stool/dp/B074X83XG1/ref=sr_1_194?keywords=Dressing+table&qid=1654403979&sr=8-194,https://m.media-amazon.com/images/I/31wbGpLeixL._AC_UL960_FMwebp_QL65_.jpg,wood gainsboro white
D121,"wood darkslategray silver Bedroom Decors Vintage Mirror Cum Cosmetics Storage Chest Drawers, Dressing Room Decors Floor Mirror,Beautiful Artistic Rustic Rajsthani Floor Mirror","10,000",,Only 1 left in stock.,https://www.amazon.in//Cosmetics-Dressing-Beautiful-Artistic-Rajsthani/dp/B0B1QDPHHM/ref=sr_1_195?keywords=Dressing+table&qid=1654403979&sr=8-195,https://m.media-amazon.com/images/I/A1xriZ3kYIL._AC_UL960_FMwebp_QL65_.jpg,wood darkslategray silver
D122,"leather tan darkolivegreen Balaji Furniture Solid Wood Dressing Mirror for Living Room | Wooden Decorative Unique Mirror with Stand for Bathroom | Sheesham Wood, Honey Finish","9,495",4.0 out of 5 stars,20,https://www.amazon.in//BALAJI-FURNITURE-Dressing-Decorative-Bathroom/dp/B08S3RXQQW/ref=sr_1_196?keywords=Dressing+table&qid=1654403979&sr=8-196,https://m.media-amazon.com/images/I/61YN-Pvy57L._AC_UL960_FMwebp_QL65_.jpg,leather tan darkolivegreen
D123,"plastic darkslategray lightgray I Rest Hd-MDF Water Proof Wood Solid Multicolor Dressing Table | 72""X28""(Pack of 1)",/A,,,https://www.amazon.in//Hd-MDF-Water-Proof-Multicolor-Dressing/dp/B09N3WZN16/ref=sr_1_197?keywords=Dressing+table&qid=1654403979&sr=8-197,https://m.media-amazon.com/images/I/31lb+cZVXBL._AC_UL960_FMwebp_QL65_.jpg,plastic darkslategray lightgray
D124,wood darkslategray dimgray SamDecors Solid Sheesham Wood (Rosewood) Bella Side Table/Dressing Table with Mirror - Dark Walnut,/A,,,https://www.amazon.in//SamDecors-Sheesham-Rosewood-Dressing-Mirror/dp/B09ZF4XTTN/ref=sr_1_198?keywords=Dressing+table&qid=1654403979&sr=8-198,https://m.media-amazon.com/images/I/71CLILK31dL._AC_UL960_FMwebp_QL65_.jpg,wood darkslategray dimgray
D125,wood darkslategray black Craftatoz Dressing Table Long Mirror with 2 Drawer Storage,"14,999",1.0 out of 5 stars,1,https://www.amazon.in//Craftatoz-Dressing-Mirror-Drawer-Storage/dp/B09XB1FP49/ref=sr_1_199?keywords=Dressing+table&qid=1654403979&sr=8-199,https://m.media-amazon.com/images/I/61LCtLSWT4L._AC_UL960_FMwebp_QL65_.jpg,wood darkslategray black
D126,"wood black darkslategray THE WOODEN STORE Ancient Art Makeup Dressing Table with Lighted Mirror and Large Drawer, Brown","30,999",5.0 out of 5 stars,1,https://www.amazon.in//WOODEN-STORE-Ancient-Dressing-Lighted/dp/B09FQG4MWS/ref=sr_1_200?keywords=Dressing+table&qid=1654403979&sr=8-200,https://m.media-amazon.com/images/I/61qi4llaa5L._AC_UL960_FMwebp_QL65_.jpg,wood black darkslategray
D127,"plastic darkslategray dimgray Ebansal Dressing Table for Bedroom | Wooden Vanity Dressing Table with Mirror | Decorative Dresser with Mirror and Drawers | Long Mirror with Drawer & Cabinet Storage | Sheesham, Walnut Finish","17,999",,,https://www.amazon.in//Ebansal-Dressing-Bedroom-Decorative-Sheesham/dp/B09SWHM826/ref=sr_1_202?keywords=Dressing+table&qid=1654403979&sr=8-202,https://m.media-amazon.com/images/I/51hSqJbwYDL._AC_UL960_FMwebp_QL65_.jpg,plastic darkslategray dimgray
D128,wood gray rosybrown Wooden Twist Royal Gold Luxury Hand Carved Wooden Teak Wood Dressing Table with Mirror,"1,19,800",,,https://www.amazon.in//Wooden-Twist-Luxury-Carved-Dressing/dp/B09Y95VJBR/ref=sr_1_203?keywords=Dressing+table&qid=1654403979&sr=8-203,https://m.media-amazon.com/images/I/813+-qqKq8L._AC_UL960_FMwebp_QL65_.jpg,wood gray rosybrown
D129,plastic darkslategray rosybrown DipNish 4 Led Bulbs Cordless Makeup Studio Lighting for Make Up Room and Bathroom Mirror Studio Glow Light Led Vanity Mirror Natural Light for Makeup Dressing Table,449,,,https://www.amazon.in//DipNish-Cordless-Studio-Lighting-Glow/dp/B098TMN56W/ref=sr_1_205?keywords=Dressing+table&qid=1654403979&sr=8-205,https://m.media-amazon.com/images/I/41aRlcbfekS._AC_UL960_FMwebp_QL65_.jpg,plastic darkslategray rosybrown
D130,plastic darkslategray darkgray Craftatoz Home Centre Dressing Table with Mirror,"34,999",,,https://www.amazon.in//Craftatoz-Centre-Dressing-Table-Mirror/dp/B09X9YRBBZ/ref=sr_1_206?keywords=Dressing+table&qid=1654403979&sr=8-206,https://m.media-amazon.com/images/I/514sRPMP-+L._AC_UL960_FMwebp_QL65_.jpg,plastic darkslategray darkgray
D131,"wood darkslategray snow RUP Italian Dresser Study Table with Lift up Dressing Mirror, Book Shelf and Drawers","19,999.99",5.0 out of 5 stars,1,https://www.amazon.in//RUP-Italian-Dresser-Dressing-Drawers/dp/B099PZJV97/ref=sr_1_208?keywords=Dressing+table&qid=1654403979&sr=8-208,https://m.media-amazon.com/images/I/51-L910LqvS._AC_UL960_FMwebp_QL65_.jpg,wood darkslategray snow
D132,"wood silver gray Furniture House Bedroom Room Modern Brick Textured Dressing Table, (Brown)",/A,,,https://www.amazon.in//Furniture-Bedroom-Modern-Textured-Dressing/dp/B09Y34J78V/ref=sr_1_209?keywords=Dressing+table&qid=1654403979&sr=8-209,https://m.media-amazon.com/images/I/418UWZCm7qL._AC_UL960_FMwebp_QL65_.jpg,wood silver gray
D133,metal dimgray rosybrown Kohinoor Decor Interiors ARO Modern Makeup Vanity with Flip Top Mirror & Side Cabinet Expandable Dressing Table with Drawers Stainless Steel in White & Black,"71,998",,Only 1 left in stock.,https://www.amazon.in//Kohinoor-Decor-Interiors-Expandable-Stainless/dp/B09XFGXVP3/ref=sr_1_210?keywords=Dressing+table&qid=1654403979&sr=8-210,https://m.media-amazon.com/images/I/61LZzLwl-wL._AC_UL960_FMwebp_QL65_.jpg,metal dimgray rosybrown
D134,wood dimgray silver GANAPATHI Wood Works Luxury Look Dressing Table in Dark Brown with Mirror,"15,050",,Only 1 left in stock.,https://www.amazon.in//GANAPATHI-Works-Luxury-Dressing-Mirror/dp/B0B31W1Y86/ref=sr_1_211?keywords=Dressing+table&qid=1654403979&sr=8-211,https://m.media-amazon.com/images/I/41MhnpdqH5L._AC_UL960_FMwebp_QL65_.jpg,wood dimgray silver
D135,wood darkslategray whitesmoke Anikaa Mason Engineered Wood Dressing Wall Mirrors/Wall Hanging Dressing Mirrors/Decorative Wall Mirror/Dressing Table for Bed Room/Wall Mounted Dressing Mirror for Living Room/Wall Mirror with 2 Shelves (Walnut),"1,599",3.8 out of 5 stars,10,https://www.amazon.in//Anikaa-Dressing-Mirrors-Decorative-300x120mm/dp/B08L7QBGM1/ref=sr_1_212?keywords=Dressing+table&qid=1654403979&sr=8-212,https://m.media-amazon.com/images/I/71X-4YvbtcL._AC_UL960_FMwebp_QL65_.jpg,wood darkslategray whitesmoke
D136,"wood darkslategray tan Cabinet Knob, Durable Antique Handle Dressing Table Handle Sturdy Long Service Life for Wardrobes for Dressing Tables","1,118",,,https://www.amazon.in//Cabinet-Durable-Antique-Dressing-Wardrobes/dp/B098RYKBNG/ref=sr_1_213?keywords=Dressing+table&qid=1654403979&sr=8-213,https://m.media-amazon.com/images/I/71Al2z4NC7S._AC_UL960_FMwebp_QL65_.jpg,wood darkslategray tan
D137,"wood silver silver Gift Kya De Wooden 9 Compartments / MultiPurpose Dressing Table Organizer / Makeup / SkinCare / Jewellery Organizer For Women, Girls (Love Forever) (Black)",649,5.0 out of 5 stars,4,https://www.amazon.in//Gift-Kya-Compartments-MultiPurpose-Organizer/dp/B09G2VMSX8/ref=sr_1_214?keywords=Dressing+table&qid=1654403979&sr=8-214,https://m.media-amazon.com/images/I/71mtrIFt5tL._AC_UL960_FMwebp_QL65_.jpg,wood silver silver
D138,plastic dimgray lavender Ekome Furniture Versa Walnut Dresser for Bedroom|Dresser for Bedroom|Home Furniture|Dresser for Home|Storage Dresser|Dresser|Dressing Table,/A,,,https://www.amazon.in//Ekome-Furniture-Dresser-Bedroom-Dressing/dp/B091T1J35M/ref=sr_1_215?keywords=Dressing+table&qid=1654403979&sr=8-215,https://m.media-amazon.com/images/I/71fbsQK9IJL._AC_UL960_FMwebp_QL65_.jpg,plastic dimgray lavender
D139,"wood silver gray KIRFIZ Vanity Mirror Lighting, LED Light Kit Bathroom Mirror Lamp, Studio Glow Vanity Make-up Light Natural Light for Makeup & Dressing Table with 4 LED Bulbs and Powerful Suction Cups",499,,,https://www.amazon.in//KIRFIZ-Lighting-Bathroom-Dressing-Powerful/dp/B09RFGXK6H/ref=sr_1_216?keywords=Dressing+table&qid=1654403979&sr=8-216,https://m.media-amazon.com/images/I/412+UaNHHnS._AC_UL960_FMwebp_QL65_.jpg,wood silver gray
D140,wood darkslategray darkslategray HomeTown Collin Engineered Wood Dressing Table with Mirror in High Gloss Grey Color,"64,900",,,https://www.amazon.in//HomeTown-Collin-Engineered-Dressing-Mirror/dp/B085W47J13/ref=sr_1_218?keywords=Dressing+table&qid=1654403979&sr=8-218,https://m.media-amazon.com/images/I/61addPmGJuL._AC_UL960_FMwebp_QL65_.jpg,wood darkslategray darkslategray
D141,wood black darkgray GANAPATHI Wood Works New Model Dressing Table in Dark Brown with Mirror,"12,050",,Only 1 left in stock.,https://www.amazon.in//GANAPATHI-Works-Model-Dressing-Mirror/dp/B0B31X36BL/ref=sr_1_219?keywords=Dressing+table&qid=1654403979&sr=8-219,https://m.media-amazon.com/images/I/41PjuqC11BL._AC_UL960_FMwebp_QL65_.jpg,wood black darkgray
D142,plastic darkgray gray Caspian Furnitures Engineered Wood Dressing Table (White),"8,500",2.0 out of 5 stars,1,https://www.amazon.in//Caspian-Furnitures-Engineered-Dressing-Table/dp/1648189520/ref=sr_1_220?keywords=Dressing+table&qid=1654403979&sr=8-220,https://m.media-amazon.com/images/I/31oBJhg6wlL._AC_UL960_FMwebp_QL65_.jpg,plastic darkgray gray
D143,leather lightslategray white Daniel Dressing Table in Wenge Finish,"6,000",,,https://www.amazon.in//Daniel-Dressing-Table-Wenge-Finish/dp/B089KP7CK1/ref=sr_1_221?keywords=Dressing+table&qid=1654403979&sr=8-221,https://m.media-amazon.com/images/I/71SwyAb83kL._AC_UL960_FMwebp_QL65_.jpg,leather lightslategray white
D144,"wood silver gray Shiv Shakti furnitures,Milano Wooden Varnish Finish Modern Dressing Table Room (60 cm)",/A,,,https://www.amazon.in//Shakti-furnitures-Milano-Varnish-Dressing/dp/B09SGJQ782/ref=sr_1_222?keywords=Dressing+table&qid=1654403979&sr=8-222,https://m.media-amazon.com/images/I/41emR3G3s6L._AC_UL960_FMwebp_QL65_.jpg,wood silver gray
D145,wood gray dimgray Vandana Interiors White Modern Dressing Makeup Vanity with Drawers Dressing Table Faux Marble Tabletop,"59,999",,,https://www.amazon.in//Vandana-Interiors-Dressing-Drawers-Tabletop/dp/B09HZYSR8M/ref=sr_1_223?keywords=Dressing+table&qid=1654403979&sr=8-223,https://m.media-amazon.com/images/I/5132TRs6P2L._AC_UL960_FMwebp_QL65_.jpg,wood gray dimgray
D146,wood gainsboro gainsboro PC Wood Dressing Table with 1 Drawer Storage for Living Room Bedroom Home Wooden Furniture (Provisanal Teak Finish),/A,,,https://www.amazon.in//Dressing-Storage-Bedroom-Furniture-Provisanal/dp/B09WJZ5Y5J/ref=sr_1_224?keywords=Dressing+table&qid=1654403979&sr=8-224,https://m.media-amazon.com/images/I/91ifAE9iFkL._AC_UL960_FMwebp_QL65_.jpg,wood gainsboro gainsboro
D147,wood gainsboro rosybrown Hudson Mark Designer Dressing Table,/A,,,https://www.amazon.in//Hudson-Mark-Designer-Dressing-Table/dp/B08FTH3WD4/ref=sr_1_225?keywords=Dressing+table&qid=1654403979&sr=8-225,https://m.media-amazon.com/images/I/71D9fIG-MUL._AC_UL960_FMwebp_QL65_.jpg,wood gainsboro rosybrown
D148,"wood dimgray lightslategray Shiv Shakti furnitures,Milano Wooden Varnish Finish Modern Dressing Table (150 cm)",/A,,,https://www.amazon.in//Shakti-furnitures-Milano-Varnish-Dressing/dp/B09SFW1R3C/ref=sr_1_226?keywords=Dressing+table&qid=1654403979&sr=8-226,https://m.media-amazon.com/images/I/31CVhcCsjaL._AC_UL960_FMwebp_QL65_.jpg,wood dimgray lightslategray
D149,plastic darkolivegreen darkgray NV Home decor Sheesham Wood Cairo Dressing Table with 2 Drawer Storage for Living Room Bedroom Wooden Vanities for Home Solid Wood Bedroom Furniture (Natural Finish),/A,,,https://www.amazon.in//NV-Home-decor-Sheesham-Furniture/dp/B09YYBJLHF/ref=sr_1_227?keywords=Dressing+table&qid=1654403979&sr=8-227,https://m.media-amazon.com/images/I/31wsdAQF5LL._AC_UL960_FMwebp_QL65_.jpg,plastic darkolivegreen darkgray
D150,"wood darkolivegreen burlywood Orange Tree Metric Dressing Table with Rectangular Mirror & Storage for Bedroom (Solid Sheesham Wood, Mirror and Metal)","20,999",,,https://www.amazon.in//Orange-Tree-Metric-Dresser-Sheesham/dp/B097HGRTZ6/ref=sr_1_228?keywords=Dressing+table&qid=1654403979&sr=8-228,https://m.media-amazon.com/images/I/71vXIxBbb1S._AC_UL960_FMwebp_QL65_.jpg,wood darkolivegreen burlywood
D151,wood gainsboro darkslategray Dressing Table DS-7,/A,,,https://www.amazon.in//Generic-Dressing-Table-DS-7/dp/B08C936RHD/ref=sr_1_229?keywords=Dressing+table&qid=1654403979&sr=8-229,https://m.media-amazon.com/images/I/11SDKRabhqL._AC_UL320_.jpg,wood gainsboro darkslategray
D152,wood lightgray rosybrown JANCOM Studio Glow Vanity Make-up Natural Light for Makeup Dressing Table with 4 LED Bulbs and Powerful Suction Cups,449,3.5 out of 5 stars,35,https://www.amazon.in//JANCOM-Make-up-Natural-Dressing-Powerful/dp/B092QYHXMS/ref=sr_1_231?keywords=Dressing+table&qid=1654403979&sr=8-231,https://m.media-amazon.com/images/I/51XXTbsvrDL._AC_UL960_FMwebp_QL65_.jpg,wood lightgray rosybrown
D153,plastic silver white Dressing Table.,"9,000",,Only 1 left in stock.,https://www.amazon.in//Generic-Dressing-Table/dp/B0B1P6QQD7/ref=sr_1_232?keywords=Dressing+table&qid=1654403979&sr=8-232,https://m.media-amazon.com/images/I/41Nt0gVuMGL._AC_UL960_FMwebp_QL65_.jpg,plastic silver white
D154,"wood black snow THE CARVING HUT Wooden & Cushion Stool for Living Room | Side Stool| Table for Bedroom| Stool with Storage| Table for Sitting| Desk for Stool for- Dressing Table, Bedside, Home, Office, Balcony","1,299",3.4 out of 5 stars,6,https://www.amazon.in//CARVING-HUT-Cushion-Bedroom-Dressing/dp/B097RZVF94/ref=sr_1_234?keywords=Dressing+table&qid=1654403979&sr=8-234,https://m.media-amazon.com/images/I/71djytl8RNL._AC_UL960_FMwebp_QL65_.jpg,wood black snow
D155,"wood darkolivegreen darkgray Studio Kook Bonita Engineered Wood Dressing Table (Finish Color - Walnut, Matte Finish)","13,990",,,https://www.amazon.in//Studio-Kook-Bonita-Engineered-Dressing/dp/B09XHZKWGD/ref=sr_1_235?keywords=Dressing+table&qid=1654403979&sr=8-235,https://m.media-amazon.com/images/I/91Qr6vTa+uL._AC_UL960_FMwebp_QL65_.jpg,wood darkolivegreen darkgray
D156,leather darkkhaki silver Velvet Footrest Stool Ottoman Round Modern Upholstered Vanity Footstool Side Table Seat Dressing Chair with Golden Metal Leg (Grey 1),"2,499",4.4 out of 5 stars,"1,783",https://www.amazon.in//Footrest-Ottoman-Upholstered-Footstool-Dressing/dp/B08Z7L6GGQ/ref=sr_1_236?keywords=Dressing+table&qid=1654403979&sr=8-236,https://m.media-amazon.com/images/I/51oiTvsk4LL._AC_UL960_FMwebp_QL65_.jpg,leather darkkhaki silver
D157,"plastic lightgray black Vanity Table with Lighted Mirror, Makeup Dressing Vanity with 3 Color Lights and 4 Drawers, Make-up Desk with Furniture Strap for Bedroom, Women and Girl, White",/A,4.2 out of 5 stars,137,https://www.amazon.in//Lighted-Dressing-Drawers-Make-up-Furniture/dp/B09LQZJMPN/ref=sr_1_237?keywords=Dressing+table&qid=1654403979&sr=8-237,https://m.media-amazon.com/images/I/71HSf0Xfr8L._AC_UL960_FMwebp_QL65_.jpg,plastic lightgray black
D158,wood darkslategray darkgray Redwud Engineering Wood Rectangular Valia Particle Board Dressing Table Wall Mount Mirror with Shelves/Shelf (Brown-Wenge),"1,499",4.2 out of 5 stars,7,https://www.amazon.in//Redwud-Particle-Dressing-Mirror-Shelves/dp/B08PS4PMD6/ref=sr_1_238?keywords=Dressing+table&qid=1654403979&sr=8-238,https://m.media-amazon.com/images/I/71lHBUiFgfL._AC_UL960_FMwebp_QL65_.jpg,wood darkslategray darkgray
D159,"wood rosybrown gray Glory Enterprises Generic Dressing Table with Storage, Light & Stool in Rosewood Color",/A,,,https://www.amazon.in//Enterprises-Generic-Dressing-Storage-Rosewood/dp/B09YS3FXY6/ref=sr_1_239?keywords=Dressing+table&qid=1654403979&sr=8-239,https://m.media-amazon.com/images/I/51KKa3-rNBL._AC_UL960_FMwebp_QL65_.jpg,wood rosybrown gray
D160,plastic dimgray darkgray Anikaa Jinny Engineered Wood Dressing Wall Mirrors/Wall Hanging Dressing Mirrors with Shelf/Decorative Wall Mirror/Dressing Table for Bedroom Living Room (Walnut) Matte Finish,"1,899",3.9 out of 5 stars,7,https://www.amazon.in//Anikaa-Engineered-Dressing-Mirrors-Decorative/dp/B09PVBZ53V/ref=sr_1_240?keywords=Dressing+table&qid=1654403979&sr=8-240,https://m.media-amazon.com/images/I/61qeVkONKnL._AC_UL960_FMwebp_QL65_.jpg,plastic dimgray darkgray
D161,plastic dimgray silver Anikaa Marcos Engineered Wood Dressing Wall Mirrors/ Wall Hanging Dressing Mirrors/Decorative Wall Plain Mirror/Dressing Table for Bed Room/ Wall Mounted Mirror for Living Room - Matte Finish(White),"1,349",4.5 out of 5 stars,2,https://www.amazon.in//Anikaa-Engineered-Dressing-Mirrors-Decorative/dp/B09P57YB26/ref=sr_1_241?keywords=Dressing+table&qid=1654403983&sr=8-241,https://m.media-amazon.com/images/I/51a+61kCYQL._AC_UL960_FMwebp_QL65_.jpg,plastic dimgray silver
D162,plastic darkslategray darkgray KNYUC MART Studio Glow LED Vanity Make-up Natural Light for Makeup Dressing Table with 4 LED Bulbs and Powerful Suction Cups (White Body),388,3.3 out of 5 stars,6,https://www.amazon.in//KNYUC-MART-Make-up-Dressing-Powerful/dp/B09NDMDGDF/ref=sr_1_242?keywords=Dressing+table&qid=1654403983&sr=8-242,https://m.media-amazon.com/images/I/6149cs8VCxL._AC_UL960_FMwebp_QL65_.jpg,plastic darkslategray darkgray
D163,"leather darkolivegreen snow ART AND CRAFT INDIA Wooden Folding Stool for Living Room| Side Stool| Table for Bedroom| Stool for- Dressing Table, Bedside, Home, Office, Balcony (Natural Brown)",429,3.2 out of 5 stars,8,https://www.amazon.in//ART-CRAFT-INDIA-Folding-Dressing/dp/B08ZY7LBN7/ref=sr_1_243?keywords=Dressing+table&qid=1654403983&sr=8-243,https://m.media-amazon.com/images/I/613PgmgYbvL._AC_UL960_FMwebp_QL65_.jpg,leather darkolivegreen snow
D164,"wood darkslategray cornflowerblue Furniture Plus The Home Way Beautiful Blue Stool for Living Room, Sitting Designer with Wooden Feet Dressing Table","2,399",,Only 1 left in stock.,https://www.amazon.in//Furniture-Beautiful-Sitting-Designer-Dressing/dp/B09PHLG823/ref=sr_1_244?keywords=Dressing+table&qid=1654403983&sr=8-244,https://m.media-amazon.com/images/I/21qBJodbA6L._AC_UL960_FMwebp_QL65_.jpg,wood darkslategray cornflowerblue
D165,"leather gainsboro snow Redwud Mary Engineered Wood Square Wall Mount Hanging Dressing Mirrors with Shelf ( Beige , Walnut , Matte Finish)","1,799",4.1 out of 5 stars,13,https://www.amazon.in//Redwud-Engineered-Hanging-Dressing-Mirrors/dp/B09BFSZP88/ref=sr_1_245?keywords=Dressing+table&qid=1654403983&sr=8-245,https://m.media-amazon.com/images/I/71bwDGSC0+L._AC_UL960_FMwebp_QL65_.jpg,leather gainsboro snow
D166,"plastic thistle ghostwhite MID VALLEY Kids Princess Make Up Dressing Table Glamour & Beauty Set with Mirror,Stool,Hair Dryer,Lipstick,Necklace & Accessories with Play Mp 3 Music Best Girls Gifts","2,799",2.8 out of 5 stars,3,https://www.amazon.in//MID-VALLEY-Princess-Dressing-Accessories/dp/B08VDP3ZGK/ref=sr_1_246?keywords=Dressing+table&qid=1654403983&sr=8-246,https://m.media-amazon.com/images/I/41U4LbjvnQL._AC_UL832_FMwebp_QL65_.jpg,plastic thistle ghostwhite
D167,leather darkslategray gainsboro HREDOW Makeup Organiser Lipstick Holder Case Nail Paint Brush Tray Dressing Table Organizer Makeup Cosmetic Organizer Lipstick Storage Organizer Box Nail Paint Stand Holder,249,4.1 out of 5 stars,29,https://www.amazon.in//HREDOW-Organiser-Lipstick-Dressing-Organizer/dp/B097PYFZQZ/ref=sr_1_247?keywords=Dressing+table&qid=1654403983&sr=8-247,https://m.media-amazon.com/images/I/61MHfsqtbGL._AC_UL960_FMwebp_QL65_.jpg,leather darkslategray gainsboro
D168,"wood darkolivegreen snow THE WOODEN STORE Dressing Table Ply-Wood Dressing Table/Mirror with 4 Shelves & 3 Drawer for Living Room,Bed Rooms.","23,999",4.0 out of 5 stars,2,https://www.amazon.in//WOODEN-STORE-Dressing-Ply-Wood-Shelves/dp/B09CMNJL1H/ref=sr_1_248?keywords=Dressing+table&qid=1654403983&sr=8-248,https://m.media-amazon.com/images/I/51zh8GMWicL._AC_UL960_FMwebp_QL65_.jpg,wood darkolivegreen snow
D169,wood dimgray white Glory Enterprises Generic Dressing Table with Stool,/A,,,https://www.amazon.in//Glory-Enterprises-Generic-Dressing-Table/dp/B09YS5XDBD/ref=sr_1_249?keywords=Dressing+table&qid=1654403983&sr=8-249,https://m.media-amazon.com/images/I/51kMfhMozKL._AC_UL960_FMwebp_QL65_.jpg,wood dimgray white
D170,wood silver white SAHI Furnishing- generic Wooden Braun Dressing Table DFG142,/A,,,https://www.amazon.in//Furnishing-generic-Wooden-Dressing-DFG142/dp/B09P59JKW1/ref=sr_1_250?keywords=Dressing+table&qid=1654403983&sr=8-250,https://m.media-amazon.com/images/I/21+E0JHdePL._AC_UL960_FMwebp_QL65_.jpg,wood silver white
D171,wood dimgray white GENERIC Arun Home APPLIANCES Dressing Table,"11,000",,Only 1 left in stock.,https://www.amazon.in//GENERIC-Arun-APPLIANCES-Dressing-Table/dp/B09TGWBQHJ/ref=sr_1_251?keywords=Dressing+table&qid=1654403983&sr=8-251,https://m.media-amazon.com/images/I/51Uah9Qs0iL._AC_UL960_FMwebp_QL65_.jpg,wood dimgray white
D172,wood silver darkgray Woodcrony Aughirm Solid Wood Two Door Dressing Mirror Finished by Woodcrony,"29,720",,,https://www.amazon.in//Woodcrony-Aughirm-Dressing-Mirror-Finished/dp/B085TMVVWM/ref=sr_1_252?keywords=Dressing+table&qid=1654403983&sr=8-252,https://m.media-amazon.com/images/I/81sp0pptsqL._AC_UL960_FMwebp_QL65_.jpg,wood silver darkgray
D173,wood darkolivegreen gainsboro SamDecors Solid Sheesham Wood (Rosewood) Bella Multipurpose Dressing Table / Side Table with Mirror - Yellow Natural Teak,/A,,,https://www.amazon.in//SamDecors-Sheesham-Rosewood-Multipurpose-Dressing/dp/B09ZF5D5R3/ref=sr_1_253?keywords=Dressing+table&qid=1654403983&sr=8-253,https://m.media-amazon.com/images/I/715V-zVF9iL._AC_UL960_FMwebp_QL65_.jpg,wood darkolivegreen gainsboro
D174,wood black gray Vandana Interiors Modern White Makeup Vanity Expandable Dressing Table with Cabinet Mirror & Stool Included,"63,999",,,https://www.amazon.in//Vandana-Interiors-Expandable-Dressing-Included/dp/B09K7CMSWB/ref=sr_1_254?keywords=Dressing+table&qid=1654403983&sr=8-254,https://m.media-amazon.com/images/I/61Es04JzXkL._AC_UL960_FMwebp_QL65_.jpg,wood black gray
D175,wood gray black RJKART MDF Wood Dressing Table with Mirror Drawer & Shelf Storage for Bedroom Home Wooden Modern Furnitures for Living Room Hall - Brown Finish,/A,,,https://www.amazon.in//RJKART-Dressing-Storage-Bedroom-Furnitures/dp/B09HZR58X5/ref=sr_1_255?keywords=Dressing+table&qid=1654403983&sr=8-255,https://m.media-amazon.com/images/I/61EEMjdEkZL._AC_UL960_FMwebp_QL65_.jpg,wood gray black
D176,leather gray white EBOFAB Beauty Makeup LED Mirror Light Bright Vanity Light with USB 3-Level Brightness Level Dressing Table Light,465,,,https://www.amazon.in//EBOFAB-Beauty-3-Level-Brightness-Dressing/dp/B09GK12PN8/ref=sr_1_256?keywords=Dressing+table&qid=1654403983&sr=8-256,https://m.media-amazon.com/images/I/310muLZDhTL._AC_UL960_FMwebp_QL65_.jpg,leather gray white
D177,"wood dimgray dimgray Gt Arts Dressing Table for Bedroom | Wooden Vanity Dressing Table with Mirror | Decorative Dresser with Mirror and Drawers | Long Mirror with 2 Drawer Storage | Sheesham, Natural Finish","15,001",,,https://www.amazon.in//Dressing-Bedroom-Decorative-Dresser-Sheesham/dp/B09RSQ7TY5/ref=sr_1_257?keywords=Dressing+table&qid=1654403983&sr=8-257,https://m.media-amazon.com/images/I/61JUebCjmuS._AC_UL960_FMwebp_QL65_.jpg,wood dimgray dimgray
D178,leather dimgray darkgray HomeTown Saville Engineered Wood Dressing Table with Mirror in Dark Vogue Colour,"21,900",,,https://www.amazon.in//HomeTown-Saville-Engineered-Dressing-Mirror/dp/B09P4XF4JZ/ref=sr_1_258?keywords=Dressing+table&qid=1654403983&sr=8-258,https://m.media-amazon.com/images/I/815E7CAfeWL._AC_UL960_FMwebp_QL65_.jpg,leather dimgray darkgray
D179,"leather antiquewhite burlywood Glory Enterprises Generic Wooden Dressing Table with Light and Stool, Standard Size (Beige)",/A,,,https://www.amazon.in//Enterprises-Generic-Wooden-Dressing-Standard/dp/B09YS3W6ZS/ref=sr_1_259?keywords=Dressing+table&qid=1654403983&sr=8-259,https://m.media-amazon.com/images/I/51f8ueJ4s3L._AC_UL960_FMwebp_QL65_.jpg,leather antiquewhite burlywood
D180,leather darkslategray darkgray JEEJEX Acrylic Cosmetic Organizer Makeup Brush Holder Acrylic Makeup Brush Nail Polish Lipstick Eyeliner Comb Beauty Storage Holder Desk Rake Stand Organizer Dressing Table Beauty Cosmetic Holder,249,4.4 out of 5 stars,497,https://www.amazon.in//JEEJEX-Cosmetic-Organizer-Lipstick-Eyeliner/dp/B0821DQNVV/ref=sr_1_260?keywords=Dressing+table&qid=1654403983&sr=8-260,https://m.media-amazon.com/images/I/51CUWC722OL._AC_UL960_FMwebp_QL65_.jpg,leather darkslategray darkgray
D181,wood silver slategray JKVT ENTERPRISE 4 Layer Acrylic Cosmetic Storage Organizer Transparent Desk and Dressing Table Stand/Holder Nail Polish Lipstick Eyeliner Comb Beauty Makeup Brush and Jewelry Organisers,499,,,https://www.amazon.in//JKVT-ENTERPRISE-Layer-Acrylic-Transparent/dp/B0B2Q3V87R/ref=sr_1_261?keywords=Dressing+table&qid=1654403983&sr=8-261,https://m.media-amazon.com/images/I/61JfEX52YQL._AC_UL960_FMwebp_QL65_.jpg,wood silver slategray
D182,"plastic dimgray slategray INDIAN DECOR. 46661 Chair Makeup Chair Chic Metal Square Low Backrest Dressing Table Stool Comfortable Vanity Stool Dining Chair,Dark Gray","3,499",2.6 out of 5 stars,4,https://www.amazon.in//INDIAN-DECOR-Backrest-Dressing-Comfortable/dp/B0926YDS7D/ref=sr_1_262?keywords=Dressing+table&qid=1654403983&sr=8-262,https://m.media-amazon.com/images/I/51cAzXUzl8L._AC_UL960_FMwebp_QL65_.jpg,plastic dimgray slategray
D183,plastic silver plum STORE99® Pink Girls Cosmetics Set Dressing Table for Kids Children Gift One Piece,"6,748",,,https://www.amazon.in//STORE99%C2%AE-Girls-Cosmetics-Dressing-Children/dp/B0B1DQ96NV/ref=sr_1_263?keywords=Dressing+table&qid=1654403983&sr=8-263,https://m.media-amazon.com/images/I/41jGMb7PFTL._AC_UL960_FMwebp_QL65_.jpg,plastic silver plum
D184,wood darkgray black Brown 6x2.25 Feet Wooden Dressing Table for Home Saini Wood Works,/A,,,https://www.amazon.in//Brown-6x2-25-Wooden-Dressing-Table/dp/B098JZ69B7/ref=sr_1_264?keywords=Dressing+table&qid=1654403983&sr=8-264,https://m.media-amazon.com/images/I/31MeEGvLEDS._AC_UL960_FMwebp_QL65_.jpg,wood darkgray black
D185,"wood darkslategray dimgray NG Decor, Epidote, Green ply Engineered Plywood Modern Makeup Vanity Expendable Dressing Table with Cabinet Mirror Include","49,800",,,https://www.amazon.in//Epidote-Engineered-Plywood-Expendable-Dressing/dp/B08Q1L9Z2W/ref=sr_1_265?keywords=Dressing+table&qid=1654403983&sr=8-265,https://m.media-amazon.com/images/I/61yGLEb0DdL._AC_UL960_FMwebp_QL65_.jpg,wood darkslategray dimgray
D186,"wood black white Hexagon Furnitures Wooden Tigress Teak Dressing Table (Brown, Big One) (36)",/A,,,https://www.amazon.in//Hexagon-Furnitures-Wooden-Tigress-Dressing/dp/B09LR2V5ZN/ref=sr_1_266?keywords=Dressing+table&qid=1654403983&sr=8-266,https://m.media-amazon.com/images/I/6175Yjh7ZsL._AC_UL960_FMwebp_QL65_.jpg,wood black white
D187,"plastic dimgray whitesmoke Amit Creation 1 Cosmetic Make Up Storage Box Organizer with Makeup Stand and Drawers for Dressing Table, Bedroom, Home (Multicolour, Pack of 1)",199,,,https://www.amazon.in//Amit-Creation-Make-Up-Multicolour/dp/B0B29L9CR2/ref=sr_1_270?keywords=Dressing+table&qid=1654403983&sr=8-270,https://m.media-amazon.com/images/I/61ufkPZWrwL._AC_UL960_FMwebp_QL65_.jpg,plastic dimgray whitesmoke
D188,"wood black darkolivegreen Dime Store MDF Engineered Wood Wall Mount Dressing Mirror with Shelf (Standard, Brown)","2,399",3.7 out of 5 stars,707,https://www.amazon.in//Dime-Store-Mirror-Shelf-Living/dp/B08NPZBRG8/ref=sr_1_271?keywords=Dressing+table&qid=1654403983&sr=8-271,https://m.media-amazon.com/images/I/619zxRbl8fL._AC_UL960_FMwebp_QL65_.jpg,wood black darkolivegreen
D189,"leather lightgray white Kids Vanity Table and Chair Sets, Princess Makeup Dressing Table with Drawer & Tri-Folding Mirror, 2 in 1 Vanity Set with 2 Pen Containers, Pretend Beauty Play Vanity Set for Girls","25,148",,,https://www.amazon.in//Princess-Dressing-Tri-Folding-Containers-Pretend/dp/B09JNJ62GX/ref=sr_1_272?keywords=Dressing+table&qid=1654403983&sr=8-272,https://m.media-amazon.com/images/I/51d6oYpfzTL._AC_UL960_FMwebp_QL65_.jpg,leather lightgray white
D190,wood gainsboro dimgray GODREJ INTERIO Genesys Premium Dressing Table,/A,,,https://www.amazon.in//GODREJ-INTERIO-Genesys-Premium-Dressing/dp/B08SBGLZ2Z/ref=sr_1_273?keywords=Dressing+table&qid=1654403983&sr=8-273,https://m.media-amazon.com/images/I/41a9ebepqTL._AC_UL960_FMwebp_QL65_.jpg,wood gainsboro dimgray
D191,"plastic silver saddlebrown Agastya Traders Plywood Dressing Table, Brown",/A,,,https://www.amazon.in//Agastya-Traders-Plywood-Dressing-Table/dp/B09H4QPSB5/ref=sr_1_274?keywords=Dressing+table&qid=1654403983&sr=8-274,https://m.media-amazon.com/images/I/21gq8hGLLHL._AC_UL640_FMwebp_QL65_.jpg,plastic silver saddlebrown
D192,"metal mediumvioletred tan Khilona House Barbie Beauty Set (Medium, Pink)","2,999",3.9 out of 5 stars,54,https://www.amazon.in//Khilona-House-Dressing-Lipstick-Accessories/dp/B08H5B9N3Z/ref=sr_1_275?keywords=Dressing+table&qid=1654403983&sr=8-275,https://m.media-amazon.com/images/I/61JJnDIh-9L._AC_UL960_FMwebp_QL65_.jpg,metal mediumvioletred tan
D193,leather brown whitesmoke Supreme Deals® Pretend Play 3 in 1 Dressing Table & Suitcase Beauty Kids Make Up Dresser Kit - Makeup Set Include Makeup Accessories (Beauty Set) (MODEL-2021),759,4.1 out of 5 stars,238,https://www.amazon.in//Supreme-Pretend-Dressing-Suitcase-Dresser/dp/B08SKK8V91/ref=sr_1_276?keywords=Dressing+table&qid=1654403983&sr=8-276,https://m.media-amazon.com/images/I/714mGCjSbRL._AC_UL960_FMwebp_QL65_.jpg,leather brown whitesmoke
D194,"wood gray gainsboro Caspian Furnitures Particle Board Modern Leaf Textured Dressing Table, Standard (Black, DTB-2)","5,100",3.9 out of 5 stars,8,https://www.amazon.in//Caspian-Furnitures-Particle-Textured-DTB-2/dp/164816952X/ref=sr_1_277?keywords=Dressing+table&qid=1654403983&sr=8-277,https://m.media-amazon.com/images/I/61Bo4osvRjL._AC_UL960_FMwebp_QL65_.jpg,wood gray gainsboro
D195,wood dimgray white STRATA Furniture Solid Sheesham Wood Dressing Table with Mirror and 3 Drawer Cabinet Storage for Living Room Bedroom Hall Home Wooden Furniture (Brown Finish),"15,999",4.0 out of 5 stars,1,https://www.amazon.in//JS-Home-Sheesham-Dressing-Cabinet/dp/B0744JGVT5/ref=sr_1_278?keywords=Dressing+table&qid=1654403983&sr=8-278,https://m.media-amazon.com/images/I/519EhGHZ7ES._AC_UL960_FMwebp_QL65_.jpg,wood dimgray white
D196,"leather rosybrown white ZDQTRA rotating jewellery organizer display stand with mirror and partation ,plastic tabletop jewellery organiser box stand Tray with Lid,jewellery cosmetic storage box for dressing table(multicolour)",499,,,https://www.amazon.in//ZDQTRA-jewellery-organizer-partation-multicolour/dp/B09MSCC212/ref=sr_1_279?keywords=Dressing+table&qid=1654403983&sr=8-279,https://m.media-amazon.com/images/I/61Fi2-kKoNL._AC_UL960_FMwebp_QL65_.jpg,leather rosybrown white
D197,wood gray whitesmoke SamDecors Solid Wood Dark Walnut Mirror for Walls and Dressing Table,/A,,,https://www.amazon.in//SamDecors-Solid-Walnut-Mirror-Dressing/dp/B09ZF373PY/ref=sr_1_280?keywords=Dressing+table&qid=1654403983&sr=8-280,https://m.media-amazon.com/images/I/5123Wf6bs2L._AC_UL960_FMwebp_QL65_.jpg,wood gray whitesmoke
D198,"plastic gray white INDIAN DECOR 45862 Makeup Stool Dressing Table Stool Household Makeup Stool Bedroom Modern Minimalist Fashion Small Round Stool Multiple Applications (Color : Blue, Size : 40x45cm)","3,499",,Save 3%,https://www.amazon.in//INDIAN-Dressing-Household-Minimalist-Applications/dp/B0926XS1LQ/ref=sr_1_281?keywords=Dressing+table&qid=1654403983&sr=8-281,https://m.media-amazon.com/images/I/51cKrC8N0GL._AC_UL960_FMwebp_QL65_.jpg,plastic gray white
D199,leather dimgray snow RADHIKA Store Makeup Mirror Organizer with LED Portable Adjustable Dressing Table Desktop Finishing Box Jewelry and Cosmetic Storage Display Case for Bathroom Dresser Pack of 1 Multicolor,"2,999",,,https://www.amazon.in//RADHIKA-Organizer-Adjustable-Finishing-Multicolor/dp/B09NZXGJV3/ref=sr_1_282?keywords=Dressing+table&qid=1654403983&sr=8-282,https://m.media-amazon.com/images/I/61k5gEl84fL._AC_UL960_FMwebp_QL65_.jpg,leather dimgray snow
D200,leather silver thistle Galaxy Hi-Tech® Beauty Set Dressing Table & School Bag 2 in 1 Pretend Play AKE up Set Modern Children Cute Dresser Kit 30 Piece Kids Beauty Play Set Toy for Girls,"1,129",3.6 out of 5 stars,21,https://www.amazon.in//Galaxy-Hi-Tech%C2%AE-Dressing-Pretend-Children/dp/B08XZ8JZQT/ref=sr_1_283?keywords=Dressing+table&qid=1654403983&sr=8-283,https://m.media-amazon.com/images/I/71lJp5b4AnL._AC_UL960_FMwebp_QL65_.jpg,leather silver thistle
D201,wood darkolivegreen gainsboro Caspian Furniture Dressing Table with Storage for Bedroom | Storage Cabinet with Drawer and Mirror | Storage Shelf,"5,600",,,https://www.amazon.in//Caspian-Furniture-Dressing-Storage-Bedroom/dp/B0B1DMSZQ2/ref=sr_1_284?keywords=Dressing+table&qid=1654403983&sr=8-284,https://m.media-amazon.com/images/I/71knpsZvTNL._AC_UL960_FMwebp_QL65_.jpg,wood darkolivegreen gainsboro
D202,"leather darkgray snow M&W Makeup Vanity Table Set with 3 Color LED Lighted Mirror, Dressing Desk with Large Drawer and Cushioned Stool for Bedroom, White",/A,4.6 out of 5 stars,133,https://www.amazon.in//Makeup-Lighted-Dressing-Cushioned-Bedroom/dp/B089T3ZM2T/ref=sr_1_285?keywords=Dressing+table&qid=1654403983&sr=8-285,https://m.media-amazon.com/images/I/61luaHxYQWL._AC_UL960_FMwebp_QL65_.jpg,leather darkgray snow
D203,"plastic darkslategray gray Craftatoz French Dressing Table (Wood,Matte Finish,Brown)","13,999",1.5 out of 5 stars,2,https://www.amazon.in//Craftatoz-Sheesham-Dressing-Table-Living/dp/B07TBTKH72/ref=sr_1_286?keywords=Dressing+table&qid=1654403983&sr=8-286,https://m.media-amazon.com/images/I/61w2EkvWapL._AC_UL960_FMwebp_QL65_.jpg,plastic darkslategray gray
D204,plastic black gray Exotic Furniture Dressing Table with Mirror and Storage Unit (Dark Brown Color),/A,,,https://www.amazon.in//Exotic-Furniture-Dressing-Mirror-Storage/dp/B09RSNSSH2/ref=sr_1_287?keywords=Dressing+table&qid=1654403983&sr=8-287,https://m.media-amazon.com/images/I/61-kTDzG6KL._AC_UL960_FMwebp_QL65_.jpg,plastic black gray
D205,plastic dimgray darkgray Redwud Bunny Dressing Wooden Wall Mirror/Dressing Mirror with Shelf / Wall Mounted Mirror/ Decorative Mirror (White),"1,999",4.0 out of 5 stars,2,https://www.amazon.in//Redwud-Dressing-Wooden-Mounted-Decorative/dp/B09PYWQ6ZR/ref=sr_1_288?keywords=Dressing+table&qid=1654403983&sr=8-288,https://m.media-amazon.com/images/I/71ombnpB6kL._AC_UL960_FMwebp_QL65_.jpg,plastic dimgray darkgray
D206,plastic darkslategray dimgray Dressing Table,/A,,,https://www.amazon.in//Generic-Dressing-Table/dp/B0B1PCBP96/ref=sr_1_289?keywords=Dressing+table&qid=1654403986&sr=8-289,https://m.media-amazon.com/images/I/41Nt0gVuMGL._AC_UL960_FMwebp_QL65_.jpg,plastic darkslategray dimgray
D207,"plastic tan rosybrown Craftatoz French Dressing Table (Wood,Mirrored;Matte Finish,Brown)","20,599",3.4 out of 5 stars,2,https://www.amazon.in//Craftatoz-Sheesham-Drawer-Dressing-Mirror/dp/B07TH266NY/ref=sr_1_291?keywords=Dressing+table&qid=1654403986&sr=8-291,https://m.media-amazon.com/images/I/51jp8XPwjtL._AC_UL960_FMwebp_QL65_.jpg,plastic tan rosybrown
D208,wood gray lightgray Sumwud Mahaakaay Dressing Table Wall Mirror Wooden with Shelf for Living Room Bedroom (80X60X14) cm (Red),"2,999",4.3 out of 5 stars,15,https://www.amazon.in//Sumwud-Dressing-Mirror-Bedroom-80X60X14/dp/B08YND3BLL/ref=sr_1_292?keywords=Dressing+table&qid=1654403986&sr=8-292,https://m.media-amazon.com/images/I/71PHQw-sC5L._AC_UL960_FMwebp_QL65_.jpg,wood gray lightgray
D209,wood gray rosybrown Captiver Engineering Wood Wall Mirror with 4Hook and 1 Shelf Dressing Table 80X43.5 cm (Classic Walnut),"2,199",3.0 out of 5 stars,1,https://www.amazon.in//Captiver-Engineering-Dressing-80X43-5-Classic/dp/B09HMGGV7B/ref=sr_1_293?keywords=Dressing+table&qid=1654403986&sr=8-293,https://m.media-amazon.com/images/I/71fIP0u1vaL._AC_UL960_FMwebp_QL65_.jpg,wood gray rosybrown
D210,leather rosybrown darkslategray GOTTIZ® Acrylic Multipurpose 3-Compartment Makeup Accessories Desk Stand for Nail Polish Hair Combs Eyeliner Makeup Brush Organisers Dressing Table Beauty Cosmetic Holder ( Pack of 1),345,4.6 out of 5 stars,5,https://www.amazon.in//Multipurpose-3-Compartment-Accessories-Eyeliner-Organisers/dp/B09HQWB6J1/ref=sr_1_294?keywords=Dressing+table&qid=1654403986&sr=8-294,https://m.media-amazon.com/images/I/51Czh683NYL._AC_UL960_FMwebp_QL65_.jpg,leather rosybrown darkslategray
D211,"wood lightgray white Generic Wood Dressing Table with Light and Stool In Dark Walnut (Black, HMDT_2000WN)",/A,3.4 out of 5 stars,6,https://www.amazon.in//Generic-Dressing-Table-Walnut-HMDT_2000WN/dp/B06XCW9SCC/ref=sr_1_295?keywords=Dressing+table&qid=1654403986&sr=8-295,https://m.media-amazon.com/images/I/71YNQyMwg4L._AC_UL960_FMwebp_QL65_.jpg,wood lightgray white
D212,"leather black white PINK PARI (LABEL) Table Lamp, Bedside Nightstand Lamp,Crystal Night Lamp Bedside Night Light for Decorative Bedroom, Living Room, Dressing Room Tabletop Lantern Home Decor (Lamp-1)","1,280",4.1 out of 5 stars,158,https://www.amazon.in//PINK-PARI-LABEL-Modern-Multicolour/dp/B07HD9NZMF/ref=sr_1_296?keywords=Dressing+table&qid=1654403986&sr=8-296,https://m.media-amazon.com/images/I/61T+m29sVBL._AC_UL960_FMwebp_QL65_.jpg,leather black white
D213,wood darkslategray gray ART&CRAFT Wooden Vanity Box for Womens with Mirror| | Multi-Utility Drawers | Dressing Table Shapped | Wooden Cosmetic Makeup Storage Organizer,719,,,https://www.amazon.in//ART-CRAFT-Shessham-Handmade-Showpiece/dp/B07R8N79JN/ref=sr_1_297?keywords=Dressing+table&qid=1654403986&sr=8-297,https://m.media-amazon.com/images/I/41xjxY7OhXL._AC_UL960_FMwebp_QL65_.jpg,wood darkslategray gray
D214,"leather lightslategray white Lipstick Storage Case, Washable Non-Slip Scratch-Resistant Lipstick Holder, for Countertop Dressing Table, Desk Home Use Dressing Table(Blue)","1,117",,Only 1 left in stock.,https://www.amazon.in//Lipstick-Washable-Non-Slip-Scratch-Resistant-Countertop/dp/B09HQ3F78K/ref=sr_1_298?keywords=Dressing+table&qid=1654403986&sr=8-298,https://m.media-amazon.com/images/I/61kFwEr8DtL._AC_UL960_FMwebp_QL65_.jpg,leather lightslategray white
D215,"wood dimgray gray KSP HOME 2 pcs Multipurpose Bathroom Stylish Cosmetic Organizer Storage Box Makeup Holder Stand for Dressing Table Office Desk, Home and Kitchen 5 Compartment(Multicolor)",299,3.8 out of 5 stars,79,https://www.amazon.in//KSP-HOME-Multipurpose-Compartment-Multicolor/dp/B09GYM6CM4/ref=sr_1_299?keywords=Dressing+table&qid=1654403986&sr=8-299,https://m.media-amazon.com/images/I/41Q50eBReUL._AC_UL960_FMwebp_QL65_.jpg,wood dimgray gray
D216,wood dimgray black Original 10 Watts Dressing Table Light (White),750,4.0 out of 5 stars,39,https://www.amazon.in//Picture-Light-Mirror-Dressing-Table/dp/B07R84DM25/ref=sr_1_300?keywords=Dressing+table&qid=1654403986&sr=8-300,https://m.media-amazon.com/images/I/51nG7RUgIxL._AC_UL960_FMwebp_QL65_.jpg,wood dimgray black
D217,leather gainsboro snow Nirgun Empex Acrylic Cosmetic Organizer Makeup Brush Holder 3 Compartment Nail Polish Lipstick Eyeliner Comb Beauty Storage Desk Rack Dressing Table Stand,299,,,https://www.amazon.in//Nirgun-Empex-Cosmetic-Organizer-Compartment/dp/B09D84GGVC/ref=sr_1_301?keywords=Dressing+table&qid=1654403986&sr=8-301,https://m.media-amazon.com/images/I/31QKO1p-CoL._AC_UL640_FMwebp_QL65_.jpg,leather gainsboro snow
D218,plastic black silver Ekome Furniture Aloey Walnut Dresser for Bedroom|Dresser for Bedroom|Home Furniture|Dresser for Home|Storage Dresser|Dresser|Dressing Table,/A,,,https://www.amazon.in//Ekome-Furniture-Dresser-Bedroom-Dressing/dp/B091SR2NNF/ref=sr_1_302?keywords=Dressing+table&qid=1654403986&sr=8-302,https://m.media-amazon.com/images/I/713kUvylriL._AC_UL960_FMwebp_QL65_.jpg,plastic black silver
D219,"wood lightgray snow Shiv Shakti furnitures,Milano Wooden Varnish Finish Modern Dressing Table Room Bedroom (60 cm)",/A,,,https://www.amazon.in//Shakti-furnitures-Varnish-Dressing-Bedroom/dp/B09SGHSF4Z/ref=sr_1_303?keywords=Dressing+table&qid=1654403986&sr=8-303,https://m.media-amazon.com/images/I/61o8siJJJOS._AC_UL960_FMwebp_QL65_.jpg,wood lightgray snow
D220,wood darkslategray white HASTSHILP Wooden Stool for Living Room | Stool | Table for Bedroom | Stool for Dressing Table | Bedside Stool | Office Stool | Bar Stool | Side Table | Coffee Table | Balcony Stool,829,,,https://www.amazon.in//HASTSHILP-Bedroom-Dressing-Bedside-Balcony/dp/B09XMG2QSF/ref=sr_1_304?keywords=Dressing+table&qid=1654403986&sr=8-304,https://m.media-amazon.com/images/I/61JYUPxOrpL._AC_UL960_FMwebp_QL65_.jpg,wood darkslategray white
D221,"plastic dimgray lightgray I Rest Hd-MDF Water Proof Wood Solid Multicolor Dressing Table | 72""X28""(Pack of 1)",/A,,,https://www.amazon.in//Hd-MDF-Water-Proof-Multicolor-Dressing/dp/B09N3YGWLG/ref=sr_1_305?keywords=Dressing+table&qid=1654403986&sr=8-305,https://m.media-amazon.com/images/I/31GSwJbc3-L._AC_UL960_FMwebp_QL65_.jpg,plastic dimgray lightgray
D222,"wood gray black THE WOODEN STORE Dressing Table with Mirror and Storage for Bedroom Furniture for Women/Girls, Makeup Table, 3 Drawers, 7 Shelf Storage with Mirror for Bedroom","25,999",2.0 out of 5 stars,2,https://www.amazon.in//WOODEN-STORE-Dressing-Storage-Furniture/dp/B09G39ZGB6/ref=sr_1_306?keywords=Dressing+table&qid=1654403986&sr=8-306,https://m.media-amazon.com/images/I/61rkNH2aGvL._AC_UL960_FMwebp_QL65_.jpg,wood gray black
